-- MariaDB dump 10.17  Distrib 10.4.8-MariaDB, for debian-linux-gnu (x86_64)
--
-- Host: localhost    Database: sampledb
-- ------------------------------------------------------
-- Server version	10.4.8-MariaDB-1:10.4.8+maria~bionic

/*!40101 SET @OLD_CHARACTER_SET_CLIENT=@@CHARACTER_SET_CLIENT */;
/*!40101 SET @OLD_CHARACTER_SET_RESULTS=@@CHARACTER_SET_RESULTS */;
/*!40101 SET @OLD_COLLATION_CONNECTION=@@COLLATION_CONNECTION */;
/*!40101 SET NAMES utf8mb4 */;
/*!40103 SET @OLD_TIME_ZONE=@@TIME_ZONE */;
/*!40103 SET TIME_ZONE='+00:00' */;
/*!40014 SET @OLD_UNIQUE_CHECKS=@@UNIQUE_CHECKS, UNIQUE_CHECKS=0 */;
/*!40014 SET @OLD_FOREIGN_KEY_CHECKS=@@FOREIGN_KEY_CHECKS, FOREIGN_KEY_CHECKS=0 */;
/*!40101 SET @OLD_SQL_MODE=@@SQL_MODE, SQL_MODE='NO_AUTO_VALUE_ON_ZERO' */;
/*!40111 SET @OLD_SQL_NOTES=@@SQL_NOTES, SQL_NOTES=0 */;

--
-- Table structure for table `address`
--

DROP TABLE IF EXISTS `address`;
/*!40101 SET @saved_cs_client     = @@character_set_client */;
/*!40101 SET character_set_client = utf8 */;
CREATE TABLE `address` (
  `address_id` bigint(20) NOT NULL AUTO_INCREMENT,
  `line1` varchar(255) NOT NULL,
  `line2` varchar(255) DEFAULT NULL,
  `city` varchar(255) NOT NULL,
  `state_province` varchar(2) NOT NULL,
  `postal_code` varchar(10) NOT NULL,
  `country` varchar(100) NOT NULL,
  PRIMARY KEY (`address_id`)
) ENGINE=InnoDB AUTO_INCREMENT=1001 DEFAULT CHARSET=utf8;
/*!40101 SET character_set_client = @saved_cs_client */;

--
-- Dumping data for table `address`
--

LOCK TABLES `address` WRITE;
/*!40000 ALTER TABLE `address` DISABLE KEYS */;
INSERT INTO `address` VALUES (1,'615 Kenwood Circle',NULL,'Portsmouth','NH','03804','US'),(2,'779 Hoard Pass',NULL,'El Paso','TX','88574','US'),(3,'062 Merrick Way',NULL,'Memphis','TN','38126','US'),(4,'93716 Pleasure Road',NULL,'Los Angeles','CA','90101','US'),(5,'510 Acker Way',NULL,'Hayward','CA','94544','US'),(6,'04 Moose Point',NULL,'Long Beach','CA','90840','US'),(7,'7062 Sachtjen Junction',NULL,'Los Angeles','CA','90189','US'),(8,'3 Mayer Road',NULL,'Saint Paul','MN','55114','US'),(9,'6 Logan Way',NULL,'Jefferson City','MO','65105','US'),(10,'70246 Susan Terrace',NULL,'Houston','TX','77288','US'),(11,'8499 Laurel Hill',NULL,'Miami','FL','33190','US'),(12,'63 Glendale Junction',NULL,'Saginaw','MI','48604','US'),(13,'8662 Hoard Avenue',NULL,'Columbus','GA','31998','US'),(14,'753 Kinsman Trail',NULL,'Lexington','KY','40505','US'),(15,'8929 Debra Hill',NULL,'Tulsa','OK','74156','US'),(16,'10576 Troy Plaza',NULL,'Syracuse','NY','13224','US'),(17,'04438 Dawn Center',NULL,'Washington','DC','20231','US'),(18,'96 Towne Circle',NULL,'Des Moines','IA','50315','US'),(19,'973 Bultman Point',NULL,'Buffalo','NY','14276','US'),(20,'84 Sachs Junction',NULL,'Biloxi','MS','39534','US'),(21,'9 Village Green Crossing',NULL,'Buffalo','NY','14276','US'),(22,'91 Erie Center',NULL,'Chicago','IL','60614','US'),(23,'26970 Heath Court',NULL,'Oklahoma City','OK','73152','US'),(24,'5 Mccormick Alley',NULL,'Huntsville','AL','35895','US'),(25,'13083 Fair Oaks Road',NULL,'Youngstown','OH','44511','US'),(26,'444 New Castle Plaza',NULL,'Huntsville','TX','77343','US'),(27,'7 Bobwhite Place',NULL,'Jeffersonville','IN','47134','US'),(28,'578 Dunning Lane',NULL,'Akron','OH','44393','US'),(29,'08 Hermina Court',NULL,'Washington','DC','20551','US'),(30,'2709 Columbus Road',NULL,'Burbank','CA','91520','US'),(31,'2066 Hudson Trail',NULL,'Honolulu','HI','96840','US'),(32,'4 Aberg Terrace',NULL,'Akron','OH','44393','US'),(33,'7 Crowley Crossing',NULL,'Philadelphia','PA','19136','US'),(34,'2 Delaware Plaza',NULL,'San Jose','CA','95194','US'),(35,'7909 Mesta Circle',NULL,'Baltimore','MD','21275','US'),(36,'292 Morningstar Center',NULL,'Los Angeles','CA','90035','US'),(37,'4477 Susan Center',NULL,'New York City','NY','10045','US'),(38,'737 Oriole Circle',NULL,'Los Angeles','CA','90060','US'),(39,'4989 Alpine Hill',NULL,'Scottsdale','AZ','85260','US'),(40,'65009 Mariners Cove Park',NULL,'New York City','NY','10170','US'),(41,'93 Golden Leaf Plaza',NULL,'Palo Alto','CA','94302','US'),(42,'53851 Myrtle Junction',NULL,'Visalia','CA','93291','US'),(43,'42553 Oak Valley Park',NULL,'Topeka','KS','66699','US'),(44,'1377 Merry Road',NULL,'Melbourne','FL','32941','US'),(45,'5 Northwestern Plaza',NULL,'Houston','TX','77299','US'),(46,'1 Alpine Pass',NULL,'Monticello','MN','55565','US'),(47,'6949 Maryland Plaza',NULL,'Jamaica','NY','11431','US'),(48,'9 Mendota Park',NULL,'Stamford','CT','06905','US'),(49,'855 Ramsey Parkway',NULL,'Corpus Christi','TX','78426','US'),(50,'0273 Hauk Parkway',NULL,'Atlanta','GA','30358','US'),(51,'13861 Maywood Park',NULL,'Saint Paul','MN','55114','US'),(52,'0 Moland Lane',NULL,'Waterbury','CT','06721','US'),(53,'88183 Mendota Alley',NULL,'Winston Salem','NC','27116','US'),(54,'6 Cascade Place',NULL,'Brooksville','FL','34605','US'),(55,'0 Jana Plaza',NULL,'Augusta','GA','30919','US'),(56,'5 Dapin Court',NULL,'Vancouver','WA','98687','US'),(57,'2 Ruskin Point',NULL,'Colorado Springs','CO','80940','US'),(58,'672 Hudson Court',NULL,'Jackson','MS','39282','US'),(59,'97 Dryden Alley',NULL,'North Little Rock','AR','72199','US'),(60,'93229 Forest Avenue',NULL,'San Antonio','TX','78220','US'),(61,'486 Toban Lane',NULL,'San Antonio','TX','78210','US'),(62,'12 Hoepker Alley',NULL,'Washington','DC','20057','US'),(63,'87 Melody Circle',NULL,'Chicago','IL','60630','US'),(64,'6734 Drewry Avenue',NULL,'Minneapolis','MN','55480','US'),(65,'69 Claremont Junction',NULL,'Fayetteville','NC','28305','US'),(66,'0 Sutteridge Avenue',NULL,'Riverside','CA','92505','US'),(67,'1933 Lake View Plaza',NULL,'Washington','DC','20022','US'),(68,'8044 Manitowish Circle',NULL,'Boston','MA','02216','US'),(69,'809 Garrison Plaza',NULL,'Orange','CA','92867','US'),(70,'37 Maryland Junction',NULL,'Amarillo','TX','79188','US'),(71,'0 Vermont Terrace',NULL,'Baton Rouge','LA','70815','US'),(72,'3777 Stephen Avenue',NULL,'Tulsa','OK','74126','US'),(73,'3 Mosinee Hill',NULL,'New York City','NY','10275','US'),(74,'895 Victoria Circle',NULL,'New York City','NY','10155','US'),(75,'43 Graceland Plaza',NULL,'Newport News','VA','23605','US'),(76,'93 Center Lane',NULL,'Philadelphia','PA','19131','US'),(77,'47 Melby Street',NULL,'Wichita','KS','67205','US'),(78,'85 Esker Drive',NULL,'Milwaukee','WI','53234','US'),(79,'7 Columbus Center',NULL,'Miami','FL','33111','US'),(80,'6 Lighthouse Bay Place',NULL,'Cincinnati','OH','45238','US'),(81,'834 Blaine Alley',NULL,'Milwaukee','WI','53215','US'),(82,'715 Duke Junction',NULL,'Richmond','VA','23285','US'),(83,'353 Haas Avenue',NULL,'Fresno','CA','93762','US'),(84,'30 Waxwing Center',NULL,'Amarillo','TX','79182','US'),(85,'40 Fuller Park',NULL,'Austin','TX','78726','US'),(86,'04256 Dryden Junction',NULL,'Alexandria','LA','71307','US'),(87,'531 Ilene Circle',NULL,'Atlanta','GA','31106','US'),(88,'0 Lake View Trail',NULL,'Dayton','OH','45470','US'),(89,'5265 Eastlawn Place',NULL,'New York City','NY','10150','US'),(90,'7589 Surrey Alley',NULL,'Macon','GA','31210','US'),(91,'92859 Fair Oaks Way',NULL,'Ogden','UT','84409','US'),(92,'77669 Crownhardt Lane',NULL,'Minneapolis','MN','55487','US'),(93,'0 International Terrace',NULL,'Sunnyvale','CA','94089','US'),(94,'39 Vidon Street',NULL,'San Antonio','TX','78235','US'),(95,'7750 Crownhardt Parkway',NULL,'Dallas','TX','75358','US'),(96,'64156 Corben Junction',NULL,'Saint Paul','MN','55188','US'),(97,'60035 Mesta Drive',NULL,'Columbia','SC','29240','US'),(98,'41083 Russell Hill',NULL,'Raleigh','NC','27615','US'),(99,'8023 Cardinal Plaza',NULL,'Austin','TX','78715','US'),(100,'61076 Dryden Hill',NULL,'Rochester','NY','14614','US'),(101,'8493 Lindbergh Circle',NULL,'Cincinnati','OH','45238','US'),(102,'74742 Northland Road',NULL,'San Francisco','CA','94154','US'),(103,'123 Bowman Way',NULL,'Saint Paul','MN','55115','US'),(104,'1 Golf Avenue',NULL,'Littleton','CO','80127','US'),(105,'8 Sheridan Street',NULL,'Detroit','MI','48242','US'),(106,'66 Helena Junction',NULL,'Phoenix','AZ','85025','US'),(107,'62 Heath Crossing',NULL,'Scottsdale','AZ','85260','US'),(108,'5018 Toban Place',NULL,'Charlotte','NC','28278','US'),(109,'6406 Basil Circle',NULL,'El Paso','TX','79911','US'),(110,'6667 Di Loreto Road',NULL,'Panama City','FL','32412','US'),(111,'6 Ryan Terrace',NULL,'Hartford','CT','06145','US'),(112,'47275 Bashford Plaza',NULL,'Raleigh','NC','27615','US'),(113,'08 Talisman Pass',NULL,'Lima','OH','45807','US'),(114,'3 Longview Hill',NULL,'Oakland','CA','94605','US'),(115,'854 Dahle Lane',NULL,'Garden Grove','CA','92645','US'),(116,'43 Vermont Park',NULL,'San Antonio','TX','78235','US'),(117,'774 Clyde Gallagher Hill',NULL,'Santa Fe','NM','87592','US'),(118,'18022 American Point',NULL,'Cincinnati','OH','45213','US'),(119,'453 Redwing Hill',NULL,'Homestead','FL','33034','US'),(120,'1603 Southridge Place',NULL,'Philadelphia','PA','19178','US'),(121,'2 Basil Park',NULL,'Montgomery','AL','36109','US'),(122,'158 Fremont Junction',NULL,'Fort Lauderdale','FL','33330','US'),(123,'3 Redwing Plaza',NULL,'New York City','NY','10039','US'),(124,'2461 6th Place',NULL,'Santa Barbara','CA','93150','US'),(125,'79 Reinke Avenue',NULL,'Reno','NV','89550','US'),(126,'4680 Saint Paul Plaza',NULL,'El Paso','TX','79999','US'),(127,'8622 Hoepker Way',NULL,'Portland','OR','97201','US'),(128,'0 Calypso Drive',NULL,'New York City','NY','10009','US'),(129,'10 Dixon Hill',NULL,'Minneapolis','MN','55480','US'),(130,'8724 Superior Center',NULL,'San Jose','CA','95133','US'),(131,'158 Green Ridge Point',NULL,'Cleveland','OH','44197','US'),(132,'430 Pleasure Lane',NULL,'Des Moines','IA','50305','US'),(133,'07315 Heffernan Road',NULL,'Oakland','CA','94622','US'),(134,'69 Gateway Point',NULL,'Cincinnati','OH','45228','US'),(135,'820 Bay Trail',NULL,'Sacramento','CA','95865','US'),(136,'30469 Larry Center',NULL,'Akron','OH','44393','US'),(137,'4 Northfield Road',NULL,'Oklahoma City','OK','73152','US'),(138,'38743 Southridge Plaza',NULL,'Tucson','AZ','85732','US'),(139,'46 Roth Park',NULL,'Saint Paul','MN','55146','US'),(140,'62901 Calypso Avenue',NULL,'Pensacola','FL','32575','US'),(141,'8043 Melody Place',NULL,'Troy','MI','48098','US'),(142,'1449 Hansons Crossing',NULL,'Fort Lauderdale','FL','33336','US'),(143,'49 Delaware Parkway',NULL,'Dearborn','MI','48126','US'),(144,'63 Dovetail Court',NULL,'Fort Lauderdale','FL','33345','US'),(145,'13 Hansons Center',NULL,'Van Nuys','CA','91406','US'),(146,'4957 Bonner Place',NULL,'Saint Petersburg','FL','33705','US'),(147,'13 High Crossing Center',NULL,'Arlington','VA','22244','US'),(148,'2203 Emmet Plaza',NULL,'Peoria','IL','61614','US'),(149,'2 Pennsylvania Avenue',NULL,'San Francisco','CA','94116','US'),(150,'67697 Meadow Valley Hill',NULL,'Corpus Christi','TX','78426','US'),(151,'168 Hallows Court',NULL,'Salt Lake City','UT','84170','US'),(152,'1439 Autumn Leaf Parkway',NULL,'Cincinnati','OH','45243','US'),(153,'39 Autumn Leaf Court',NULL,'Los Angeles','CA','90055','US'),(154,'65 Cherokee Point',NULL,'Cape Coral','FL','33915','US'),(155,'832 Logan Court',NULL,'New Orleans','LA','70187','US'),(156,'005 Bartillon Point',NULL,'Bloomington','IN','47405','US'),(157,'0 Corscot Lane',NULL,'Peoria','IL','61614','US'),(158,'69 Sugar Road',NULL,'New York City','NY','10280','US'),(159,'558 Norway Maple Street',NULL,'Morgantown','WV','26505','US'),(160,'712 Clarendon Junction',NULL,'Little Rock','AR','72231','US'),(161,'519 Fairfield Avenue',NULL,'Irvine','CA','92619','US'),(162,'4244 Mcbride Lane',NULL,'Portland','OR','97211','US'),(163,'60 Victoria Pass',NULL,'Valdosta','GA','31605','US'),(164,'0 Algoma Drive',NULL,'Peoria','AZ','85383','US'),(165,'9 Shelley Crossing',NULL,'Carol Stream','IL','60158','US'),(166,'6713 Hermina Place',NULL,'Dallas','TX','75221','US'),(167,'55860 Gerald Pass',NULL,'Cedar Rapids','IA','52410','US'),(168,'021 Beilfuss Plaza',NULL,'Cleveland','OH','44105','US'),(169,'78 Cody Center',NULL,'Houston','TX','77223','US'),(170,'6328 School Avenue',NULL,'El Paso','TX','79928','US'),(171,'759 Warrior Hill',NULL,'Washington','DC','20205','US'),(172,'8 Melody Pass',NULL,'Seattle','WA','98109','US'),(173,'4 Burning Wood Court',NULL,'Metairie','LA','70005','US'),(174,'910 Kennedy Junction',NULL,'Rochester','NY','14652','US'),(175,'325 David Lane',NULL,'Tucson','AZ','85710','US'),(176,'213 4th Parkway',NULL,'San Francisco','CA','94177','US'),(177,'9283 Merchant Terrace',NULL,'Fargo','ND','58106','US'),(178,'0015 Mendota Pass',NULL,'Fort Wayne','IN','46814','US'),(179,'43 Prairie Rose Avenue',NULL,'Los Angeles','CA','90020','US'),(180,'2 Butterfield Plaza',NULL,'Raleigh','NC','27605','US'),(181,'76 Debra Avenue',NULL,'Tacoma','WA','98447','US'),(182,'426 Havey Pass',NULL,'Lincoln','NE','68531','US'),(183,'5908 Hauk Crossing',NULL,'Cincinnati','OH','45233','US'),(184,'48351 Delladonna Center',NULL,'Lynchburg','VA','24515','US'),(185,'4616 Menomonie Pass',NULL,'New York City','NY','10090','US'),(186,'9 Mayfield Place',NULL,'Lynchburg','VA','24515','US'),(187,'3 Surrey Road',NULL,'San Rafael','CA','94913','US'),(188,'04178 Butternut Court',NULL,'Wilmington','DE','19897','US'),(189,'6 Crescent Oaks Terrace',NULL,'Baltimore','MD','21211','US'),(190,'35188 Warrior Terrace',NULL,'Lexington','KY','40524','US'),(191,'3521 Springs Road',NULL,'Portland','OR','97229','US'),(192,'6 Nobel Road',NULL,'Portland','OR','97271','US'),(193,'3 Thierer Road',NULL,'Rochester','NY','14646','US'),(194,'97610 Walton Drive',NULL,'Philadelphia','PA','19151','US'),(195,'6575 Sloan Plaza',NULL,'Van Nuys','CA','91499','US'),(196,'4023 Lukken Park',NULL,'Albany','NY','12205','US'),(197,'0750 Gateway Terrace',NULL,'Newton','MA','02162','US'),(198,'100 Center Drive',NULL,'Oklahoma City','OK','73179','US'),(199,'0828 Eagle Crest Pass',NULL,'Mesa','AZ','85215','US'),(200,'84 Delaware Hill',NULL,'Houston','TX','77060','US'),(201,'9 Porter Avenue',NULL,'Atlanta','GA','30358','US'),(202,'975 Cherokee Drive',NULL,'San Francisco','CA','94105','US'),(203,'23847 Green Point',NULL,'Wichita','KS','67260','US'),(204,'0874 Lerdahl Hill',NULL,'Independence','MO','64054','US'),(205,'266 Shoshone Park',NULL,'Syracuse','NY','13217','US'),(206,'50529 Artisan Street',NULL,'Waco','TX','76796','US'),(207,'330 Service Center',NULL,'San Antonio','TX','78260','US'),(208,'434 Ridgeview Parkway',NULL,'Stamford','CT','06905','US'),(209,'7390 Waubesa Point',NULL,'Albany','NY','12247','US'),(210,'0 Morrow Road',NULL,'Waterbury','CT','06705','US'),(211,'3 Drewry Point',NULL,'Vancouver','WA','98664','US'),(212,'260 Bashford Park',NULL,'Chattanooga','TN','37405','US'),(213,'0694 Sullivan Drive',NULL,'Brea','CA','92822','US'),(214,'8886 Harper Place',NULL,'San Diego','CA','92110','US'),(215,'3899 Rowland Street',NULL,'North Port','FL','34290','US'),(216,'9367 Superior Place',NULL,'Stamford','CT','06905','US'),(217,'697 Oakridge Plaza',NULL,'Bryan','TX','77806','US'),(218,'90754 Farwell Terrace',NULL,'Kalamazoo','MI','49048','US'),(219,'8712 Crownhardt Center',NULL,'Madison','WI','53785','US'),(220,'0296 Elmside Plaza',NULL,'New York City','NY','10275','US'),(221,'3505 Trailsway Place',NULL,'El Paso','TX','88525','US'),(222,'89611 Bobwhite Hill',NULL,'Inglewood','CA','90305','US'),(223,'7776 East Center',NULL,'Kansas City','MO','64144','US'),(224,'5524 Laurel Hill',NULL,'Durham','NC','27717','US'),(225,'50865 Brentwood Hill',NULL,'Pittsburgh','PA','15225','US'),(226,'7231 Eastlawn Lane',NULL,'Dallas','TX','75241','US'),(227,'5 Kedzie Plaza',NULL,'San Diego','CA','92170','US'),(228,'45269 Jenifer Trail',NULL,'Oklahoma City','OK','73104','US'),(229,'81146 Spohn Court',NULL,'Kansas City','MO','64114','US'),(230,'52538 Jana Trail',NULL,'Erie','PA','16565','US'),(231,'66 Lotheville Park',NULL,'Sacramento','CA','95833','US'),(232,'7165 Evergreen Plaza',NULL,'Charlotte','NC','28210','US'),(233,'388 Maple Wood Pass',NULL,'Des Moines','IA','50330','US'),(234,'79062 Orin Plaza',NULL,'Bozeman','MT','59771','US'),(235,'6 Rutledge Drive',NULL,'High Point','NC','27264','US'),(236,'9213 Melvin Street',NULL,'Aurora','CO','80015','US'),(237,'148 Mockingbird Plaza',NULL,'Tallahassee','FL','32399','US'),(238,'32 Tony Park',NULL,'Philadelphia','PA','19184','US'),(239,'993 Hanover Junction',NULL,'Charleston','SC','29416','US'),(240,'50 Redwing Street',NULL,'Pittsburgh','PA','15261','US'),(241,'96354 Cordelia Drive',NULL,'Delray Beach','FL','33448','US'),(242,'25139 Brentwood Center',NULL,'Virginia Beach','VA','23454','US'),(243,'9368 Mandrake Way',NULL,'Canton','OH','44760','US'),(244,'69613 Russell Lane',NULL,'Des Moines','IA','50369','US'),(245,'054 Roxbury Park',NULL,'San Diego','CA','92121','US'),(246,'5388 Fremont Pass',NULL,'Valley Forge','PA','19495','US'),(247,'38 Knutson Park',NULL,'Jamaica','NY','11499','US'),(248,'4851 Magdeline Crossing',NULL,'Anaheim','CA','92825','US'),(249,'8321 Sugar Junction',NULL,'Houston','TX','77281','US'),(250,'2676 Victoria Alley',NULL,'San Angelo','TX','76905','US'),(251,'57778 Division Terrace',NULL,'Raleigh','NC','27626','US'),(252,'1 Commercial Court',NULL,'Homestead','FL','33034','US'),(253,'53 Parkside Center',NULL,'Toledo','OH','43699','US'),(254,'2 Portage Junction',NULL,'Houston','TX','77075','US'),(255,'68 Warbler Way',NULL,'Hollywood','FL','33028','US'),(256,'9 Jana Hill',NULL,'Carson City','NV','89714','US'),(257,'373 Eagle Crest Street',NULL,'Los Angeles','CA','90030','US'),(258,'379 Kropf Junction',NULL,'Lexington','KY','40546','US'),(259,'14935 Derek Plaza',NULL,'Hampton','VA','23668','US'),(260,'3 Loomis Crossing',NULL,'Boise','ID','83711','US'),(261,'4 Stephen Way',NULL,'Fort Lauderdale','FL','33330','US'),(262,'9017 Birchwood Pass',NULL,'Miami','FL','33261','US'),(263,'09415 Columbus Drive',NULL,'Stamford','CT','06905','US'),(264,'0216 Sutherland Lane',NULL,'San Luis Obispo','CA','93407','US'),(265,'736 Garrison Place',NULL,'Bloomington','IN','47405','US'),(266,'1 Hoard Center',NULL,'Garland','TX','75044','US'),(267,'50173 Carberry Parkway',NULL,'Knoxville','TN','37995','US'),(268,'48 Farragut Court',NULL,'Orange','CA','92668','US'),(269,'4 Nobel Road',NULL,'Louisville','KY','40256','US'),(270,'81549 Riverside Parkway',NULL,'Wilmington','NC','28410','US'),(271,'1916 Starling Drive',NULL,'Gaithersburg','MD','20883','US'),(272,'39436 Pleasure Park',NULL,'New York City','NY','10260','US'),(273,'47 Meadow Ridge Way',NULL,'Fort Worth','TX','76110','US'),(274,'279 Onsgard Hill',NULL,'Springfield','MA','01129','US'),(275,'319 Knutson Pass',NULL,'Indianapolis','IN','46202','US'),(276,'81200 Comanche Alley',NULL,'Arlington','VA','22234','US'),(277,'68 Bashford Court',NULL,'Cincinnati','OH','45271','US'),(278,'578 Eagle Crest Circle',NULL,'Atlanta','GA','30356','US'),(279,'01958 Tennessee Place',NULL,'Des Moines','IA','50369','US'),(280,'0 Nancy Pass',NULL,'Orlando','FL','32885','US'),(281,'54250 Monica Park',NULL,'New York City','NY','10105','US'),(282,'784 Fallview Plaza',NULL,'Los Angeles','CA','90087','US'),(283,'320 American Ash Drive',NULL,'Kansas City','MO','64144','US'),(284,'31700 Gulseth Crossing',NULL,'San Antonio','TX','78255','US'),(285,'9 Arizona Terrace',NULL,'Tulsa','OK','74108','US'),(286,'05 Susan Lane',NULL,'Columbus','OH','43210','US'),(287,'1452 Porter Way',NULL,'Carson City','NV','89714','US'),(288,'52552 Moulton Pass',NULL,'Chicago','IL','60663','US'),(289,'1311 Oak Crossing',NULL,'Miami','FL','33169','US'),(290,'9 Corben Plaza',NULL,'Tacoma','WA','98447','US'),(291,'53017 Mayfield Terrace',NULL,'Baltimore','MD','21265','US'),(292,'929 American Ash Street',NULL,'Tacoma','WA','98447','US'),(293,'39 Welch Avenue',NULL,'Oklahoma City','OK','73119','US'),(294,'99 Gerald Circle',NULL,'Pasadena','CA','91186','US'),(295,'8859 Hudson Terrace',NULL,'Saint Paul','MN','55172','US'),(296,'27465 Westend Circle',NULL,'New York City','NY','10249','US'),(297,'98756 Golden Leaf Point',NULL,'San Diego','CA','92191','US'),(298,'75641 Dahle Parkway',NULL,'Denton','TX','76205','US'),(299,'37466 Loeprich Avenue',NULL,'Charlotte','NC','28256','US'),(300,'6 Monterey Pass',NULL,'Henderson','NV','89074','US'),(301,'6987 Susan Hill',NULL,'Anniston','AL','36205','US'),(302,'5359 Norway Maple Crossing',NULL,'Warren','MI','48092','US'),(303,'60 Luster Park',NULL,'New Orleans','LA','70183','US'),(304,'851 Melrose Circle',NULL,'San Francisco','CA','94169','US'),(305,'92260 Harbort Plaza',NULL,'Detroit','MI','48242','US'),(306,'041 Fisk Avenue',NULL,'Syracuse','NY','13224','US'),(307,'45792 Gale Plaza',NULL,'Aurora','CO','80044','US'),(308,'8726 Del Sol Parkway',NULL,'Lincoln','NE','68531','US'),(309,'93 Stoughton Place',NULL,'Milwaukee','WI','53205','US'),(310,'38515 Lyons Street',NULL,'Houston','TX','77085','US'),(311,'7911 Oak Hill',NULL,'Miami','FL','33185','US'),(312,'860 Logan Trail',NULL,'Anchorage','AK','99522','US'),(313,'77 Eagle Crest Lane',NULL,'Louisville','KY','40205','US'),(314,'493 Mandrake Plaza',NULL,'Flushing','NY','11388','US'),(315,'9696 Holmberg Circle',NULL,'Flushing','NY','11355','US'),(316,'77588 Lunder Road',NULL,'Chicago','IL','60636','US'),(317,'8602 Mallard Terrace',NULL,'Green Bay','WI','54305','US'),(318,'7 Elgar Circle',NULL,'Boston','MA','02119','US'),(319,'5190 Delaware Street',NULL,'Palmdale','CA','93591','US'),(320,'9 Katie Alley',NULL,'Detroit','MI','48211','US'),(321,'10381 Portage Trail',NULL,'Fort Pierce','FL','34981','US'),(322,'05145 Norway Maple Avenue',NULL,'Dayton','OH','45414','US'),(323,'3843 Hollow Ridge Alley',NULL,'Loretto','MN','55598','US'),(324,'103 Troy Terrace',NULL,'Austin','TX','78769','US'),(325,'7587 Shasta Drive',NULL,'Fort Wayne','IN','46857','US'),(326,'8507 Talmadge Center',NULL,'Los Angeles','CA','90081','US'),(327,'419 Merrick Plaza',NULL,'Cincinnati','OH','45243','US'),(328,'7 Buena Vista Way',NULL,'Greenville','SC','29610','US'),(329,'68053 Helena Point',NULL,'Indianapolis','IN','46231','US'),(330,'342 Haas Center',NULL,'Washington','DC','20430','US'),(331,'45401 Emmet Alley',NULL,'Washington','DC','20530','US'),(332,'9 Northridge Lane',NULL,'Evansville','IN','47725','US'),(333,'65293 Pleasure Avenue',NULL,'Mobile','AL','36616','US'),(334,'49 Delaware Point',NULL,'Peoria','IL','61651','US'),(335,'242 Sunbrook Center',NULL,'Jackson','MS','39216','US'),(336,'484 Marquette Place',NULL,'Miami','FL','33261','US'),(337,'953 Kipling Point',NULL,'Las Vegas','NV','89125','US'),(338,'72 Ridgeway Road',NULL,'Huntington','WV','25716','US'),(339,'18 Redwing Place',NULL,'Memphis','TN','38131','US'),(340,'119 Westend Road',NULL,'Lubbock','TX','79415','US'),(341,'95 Moose Hill',NULL,'San Antonio','TX','78285','US'),(342,'83613 Grover Junction',NULL,'Norwalk','CT','06854','US'),(343,'45 Becker Trail',NULL,'San Antonio','TX','78245','US'),(344,'94556 Canary Circle',NULL,'Des Moines','IA','50330','US'),(345,'22160 Manley Alley',NULL,'Indianapolis','IN','46254','US'),(346,'8 Arizona Drive',NULL,'Clearwater','FL','34629','US'),(347,'3 Arrowood Pass',NULL,'Springfield','IL','62764','US'),(348,'1 Continental Street',NULL,'Wilmington','NC','28405','US'),(349,'0 Commercial Crossing',NULL,'Tallahassee','FL','32309','US'),(350,'247 Dovetail Alley',NULL,'Tampa','FL','33686','US'),(351,'1 Butternut Avenue',NULL,'Lake Worth','FL','33462','US'),(352,'85056 Bayside Drive',NULL,'Newton','MA','02162','US'),(353,'107 Dapin Junction',NULL,'Huntington Beach','CA','92648','US'),(354,'750 Packers Court',NULL,'Portland','OR','97221','US'),(355,'67934 Arrowood Street',NULL,'Washington','DC','20046','US'),(356,'7157 Iowa Terrace',NULL,'Washington','DC','20337','US'),(357,'40 Westport Terrace',NULL,'Amarillo','TX','79159','US'),(358,'3771 Clove Pass',NULL,'El Paso','TX','88553','US'),(359,'9 Arkansas Terrace',NULL,'Corpus Christi','TX','78405','US'),(360,'1165 Gerald Way',NULL,'Hartford','CT','06140','US'),(361,'90 Lunder Pass',NULL,'Charleston','WV','25321','US'),(362,'73 Raven Avenue',NULL,'San Diego','CA','92127','US'),(363,'95683 Esker Crossing',NULL,'Washington','DC','20337','US'),(364,'62463 Katie Center',NULL,'Littleton','CO','80126','US'),(365,'00190 Old Shore Avenue',NULL,'Salt Lake City','UT','84110','US'),(366,'18 Harper Trail',NULL,'Indianapolis','IN','46278','US'),(367,'389 Forest Dale Court',NULL,'Tampa','FL','33625','US'),(368,'9 Sutherland Circle',NULL,'Saint Paul','MN','55127','US'),(369,'91916 International Terrace',NULL,'Springfield','MA','01129','US'),(370,'1575 Schiller Avenue',NULL,'North Little Rock','AR','72199','US'),(371,'10 Nova Lane',NULL,'Elizabeth','NJ','07208','US'),(372,'39549 Lien Crossing',NULL,'Dallas','TX','75310','US'),(373,'3742 Golf Course Place',NULL,'Washington','DC','20591','US'),(374,'98927 Banding Circle',NULL,'Austin','TX','78744','US'),(375,'9935 Ruskin Center',NULL,'New York City','NY','10019','US'),(376,'09935 Lien Point',NULL,'Denver','CO','80209','US'),(377,'9 Reinke Circle',NULL,'Aurora','CO','80045','US'),(378,'88902 Carberry Street',NULL,'Houston','TX','77025','US'),(379,'64886 Fallview Road',NULL,'Largo','FL','33777','US'),(380,'1428 Glacier Hill Street',NULL,'Fort Lauderdale','FL','33345','US'),(381,'3971 Hansons Alley',NULL,'Richmond','VA','23242','US'),(382,'30 Lotheville Terrace',NULL,'Atlanta','GA','30375','US'),(383,'0 Scott Crossing',NULL,'Baltimore','MD','21216','US'),(384,'140 Manufacturers Center',NULL,'Plano','TX','75074','US'),(385,'55 Cordelia Place',NULL,'Memphis','TN','38126','US'),(386,'5 Scoville Avenue',NULL,'Memphis','TN','38119','US'),(387,'7 Merry Plaza',NULL,'Bryan','TX','77806','US'),(388,'1175 Ilene Avenue',NULL,'San Antonio','TX','78230','US'),(389,'14450 Bowman Crossing',NULL,'Tucson','AZ','85720','US'),(390,'59777 Pine View Center',NULL,'Hyattsville','MD','20784','US'),(391,'2298 John Wall Court',NULL,'Decatur','GA','30089','US'),(392,'913 Texas Drive',NULL,'Tampa','FL','33680','US'),(393,'5699 Erie Way',NULL,'Washington','DC','20238','US'),(394,'17 Sunnyside Place',NULL,'Trenton','NJ','08603','US'),(395,'7617 Forest Dale Lane',NULL,'Panama City','FL','32412','US'),(396,'5811 Dennis Lane',NULL,'Reston','VA','20195','US'),(397,'78853 Lakeland Hill',NULL,'Fresno','CA','93740','US'),(398,'9 Truax Circle',NULL,'Waco','TX','76796','US'),(399,'795 Old Shore Pass',NULL,'Detroit','MI','48242','US'),(400,'2 Chive Drive',NULL,'Denver','CO','80228','US'),(401,'3 Kensington Place',NULL,'Kansas City','MO','64149','US'),(402,'49537 Sugar Center',NULL,'New York City','NY','10275','US'),(403,'2737 Hanson Point',NULL,'Birmingham','AL','35231','US'),(404,'5155 Forster Trail',NULL,'San Antonio','TX','78245','US'),(405,'2 Southridge Crossing',NULL,'Detroit','MI','48275','US'),(406,'29 Esker Park',NULL,'Saint Cloud','MN','56372','US'),(407,'909 Bellgrove Circle',NULL,'Clearwater','FL','33758','US'),(408,'98530 Hollow Ridge Road',NULL,'Oakland','CA','94611','US'),(409,'138 Sloan Circle',NULL,'Bakersfield','CA','93399','US'),(410,'620 Carpenter Avenue',NULL,'Fresno','CA','93773','US'),(411,'99 Boyd Road',NULL,'Phoenix','AZ','85077','US'),(412,'8214 Eagan Terrace',NULL,'Jefferson City','MO','65110','US'),(413,'1 Pleasure Parkway',NULL,'Hyattsville','MD','20784','US'),(414,'687 Burrows Hill',NULL,'Lynchburg','VA','24515','US'),(415,'124 Forest Court',NULL,'Pensacola','FL','32520','US'),(416,'725 2nd Court',NULL,'Cheyenne','WY','82007','US'),(417,'6 Thierer Alley',NULL,'Harrisburg','PA','17105','US'),(418,'095 Dixon Hill',NULL,'Jacksonville','FL','32236','US'),(419,'841 Tennyson Avenue',NULL,'Tacoma','WA','98442','US'),(420,'0 Dayton Park',NULL,'Spokane','WA','99260','US'),(421,'5834 Red Cloud Court',NULL,'Newton','MA','02458','US'),(422,'8 Coolidge Street',NULL,'Boston','MA','02283','US'),(423,'47 Lotheville Lane',NULL,'Pasadena','TX','77505','US'),(424,'5 Sommers Hill',NULL,'Des Moines','IA','50330','US'),(425,'1 Algoma Park',NULL,'Baltimore','MD','21211','US'),(426,'1003 Almo Junction',NULL,'Saint Paul','MN','55108','US'),(427,'89 Granby Drive',NULL,'Tulsa','OK','74149','US'),(428,'3173 Fairfield Terrace',NULL,'Riverside','CA','92505','US'),(429,'85 Texas Junction',NULL,'Birmingham','AL','35254','US'),(430,'20 Jenifer Road',NULL,'Daytona Beach','FL','32128','US'),(431,'9 Bonner Plaza',NULL,'Detroit','MI','48232','US'),(432,'6952 Rockefeller Street',NULL,'Sacramento','CA','94207','US'),(433,'19 Commercial Parkway',NULL,'Melbourne','FL','32919','US'),(434,'14992 Cardinal Street',NULL,'Grand Rapids','MI','49560','US'),(435,'65 Maryland Terrace',NULL,'San Diego','CA','92153','US'),(436,'2 Laurel Drive',NULL,'Reno','NV','89519','US'),(437,'93004 Kensington Street',NULL,'Port Washington','NY','11054','US'),(438,'80 Merrick Avenue',NULL,'Des Moines','IA','50393','US'),(439,'56659 Hayes Way',NULL,'Eugene','OR','97405','US'),(440,'2158 Hazelcrest Drive',NULL,'Albany','NY','12232','US'),(441,'5517 Hanson Street',NULL,'Spring','TX','77388','US'),(442,'62 Becker Lane',NULL,'East Saint Louis','IL','62205','US'),(443,'2 Dayton Point',NULL,'Scranton','PA','18505','US'),(444,'1 Vahlen Trail',NULL,'Spartanburg','SC','29305','US'),(445,'76190 Dayton Park',NULL,'Detroit','MI','48267','US'),(446,'496 Memorial Street',NULL,'Boston','MA','02104','US'),(447,'34 Kinsman Crossing',NULL,'Lubbock','TX','79405','US'),(448,'0 Harper Circle',NULL,'Charlotte','NC','28225','US'),(449,'07 Dorton Street',NULL,'Sioux Falls','SD','57110','US'),(450,'7792 Westport Avenue',NULL,'Jacksonville','FL','32215','US'),(451,'8746 Barby Junction',NULL,'Kissimmee','FL','34745','US'),(452,'188 Superior Drive',NULL,'Atlanta','GA','30336','US'),(453,'12520 Novick Court',NULL,'Athens','GA','30605','US'),(454,'5 Darwin Drive',NULL,'Fort Worth','TX','76198','US'),(455,'81 Eagle Crest Road',NULL,'Chicago','IL','60652','US'),(456,'6 Main Park',NULL,'Northridge','CA','91328','US'),(457,'05 Meadow Ridge Avenue',NULL,'Wilkes Barre','PA','18763','US'),(458,'1296 Main Center',NULL,'Fairbanks','AK','99790','US'),(459,'45741 Northview Park',NULL,'Fresno','CA','93704','US'),(460,'07 Golf Center',NULL,'Birmingham','AL','35220','US'),(461,'5 Kropf Street',NULL,'Greenville','SC','29605','US'),(462,'31613 Loeprich Center',NULL,'Green Bay','WI','54313','US'),(463,'11 Lerdahl Street',NULL,'Maple Plain','MN','55579','US'),(464,'04701 Ramsey Court',NULL,'San Francisco','CA','94154','US'),(465,'50807 Lindbergh Way',NULL,'Flint','MI','48505','US'),(466,'3775 Harbort Point',NULL,'Fargo','ND','58106','US'),(467,'686 Rusk Terrace',NULL,'Chula Vista','CA','91913','US'),(468,'20188 Roth Way',NULL,'Roanoke','VA','24024','US'),(469,'7728 Sloan Parkway',NULL,'Oklahoma City','OK','73114','US'),(470,'91 Hagan Park',NULL,'Amarillo','TX','79159','US'),(471,'055 Eastwood Circle',NULL,'Akron','OH','44310','US'),(472,'72 Arapahoe Plaza',NULL,'Anniston','AL','36205','US'),(473,'82804 Anthes Junction',NULL,'Pittsburgh','PA','15255','US'),(474,'89955 Union Street',NULL,'Winston Salem','NC','27116','US'),(475,'1842 Cherokee Alley',NULL,'Sacramento','CA','94230','US'),(476,'9704 Weeping Birch Drive',NULL,'Atlanta','GA','30343','US'),(477,'85367 Arkansas Way',NULL,'Savannah','GA','31410','US'),(478,'3429 Logan Place',NULL,'Waco','TX','76796','US'),(479,'01467 Superior Way',NULL,'Washington','DC','20268','US'),(480,'4 Tennessee Place',NULL,'Gatesville','TX','76598','US'),(481,'7 Crest Line Park',NULL,'Evansville','IN','47719','US'),(482,'7991 Logan Way',NULL,'New York City','NY','10292','US'),(483,'024 Kipling Hill',NULL,'Vancouver','WA','98682','US'),(484,'7 Kedzie Terrace',NULL,'Riverside','CA','92513','US'),(485,'7618 Lien Drive',NULL,'Fort Wayne','IN','46805','US'),(486,'96 8th Pass',NULL,'Boston','MA','02163','US'),(487,'649 Lunder Trail',NULL,'Monticello','MN','55590','US'),(488,'27247 Hazelcrest Parkway',NULL,'Syracuse','NY','13210','US'),(489,'6 Blue Bill Park Plaza',NULL,'Mesa','AZ','85210','US'),(490,'5 Russell Drive',NULL,'Green Bay','WI','54305','US'),(491,'2 Maywood Avenue',NULL,'Buffalo','NY','14263','US'),(492,'84 Portage Road',NULL,'San Diego','CA','92127','US'),(493,'27 Hermina Drive',NULL,'Charlotte','NC','28210','US'),(494,'70 Arizona Terrace',NULL,'Spring Hill','FL','34611','US'),(495,'01 Northview Park',NULL,'High Point','NC','27264','US'),(496,'26163 Lakeland Road',NULL,'Anchorage','AK','99512','US'),(497,'294 Arapahoe Point',NULL,'San Jose','CA','95155','US'),(498,'57924 Commercial Park',NULL,'Wichita','KS','67230','US'),(499,'9313 Tony Pass',NULL,'Canton','OH','44705','US'),(500,'366 Waxwing Alley',NULL,'Los Angeles','CA','90010','US'),(501,'626 Clove Way',NULL,'Houston','TX','77201','US'),(502,'824 Meadow Valley Avenue',NULL,'Garland','TX','75049','US'),(503,'163 Ryan Trail',NULL,'Montgomery','AL','36125','US'),(504,'1 Tony Pass',NULL,'Fort Lauderdale','FL','33330','US'),(505,'7758 Swallow Road',NULL,'Lakewood','WA','98498','US'),(506,'27 Welch Court',NULL,'Melbourne','FL','32941','US'),(507,'60 Alpine Junction',NULL,'Jefferson City','MO','65110','US'),(508,'7160 Ilene Terrace',NULL,'Chicago','IL','60663','US'),(509,'72 Alpine Parkway',NULL,'Murfreesboro','TN','37131','US'),(510,'36247 Fremont Point',NULL,'Panama City','FL','32405','US'),(511,'372 Northwestern Alley',NULL,'Houston','TX','77085','US'),(512,'7 Meadow Ridge Junction',NULL,'Baton Rouge','LA','70820','US'),(513,'0622 Graceland Trail',NULL,'Newport News','VA','23605','US'),(514,'3415 Hansons Street',NULL,'Atlanta','GA','31190','US'),(515,'05 Muir Trail',NULL,'Sacramento','CA','95852','US'),(516,'14512 Annamark Park',NULL,'New York City','NY','10019','US'),(517,'2 Dorton Drive',NULL,'Charlotte','NC','28284','US'),(518,'158 Almo Park',NULL,'Toledo','OH','43656','US'),(519,'71322 Fremont Center',NULL,'Charleston','WV','25331','US'),(520,'618 Maryland Terrace',NULL,'Homestead','FL','33034','US'),(521,'67 Arapahoe Junction',NULL,'Huntington','WV','25709','US'),(522,'5994 Summerview Lane',NULL,'Mountain View','CA','94042','US'),(523,'867 Hanover Plaza',NULL,'Peoria','IL','61629','US'),(524,'40 Hansons Crossing',NULL,'Shawnee Mission','KS','66220','US'),(525,'563 Utah Crossing',NULL,'Cape Coral','FL','33915','US'),(526,'288 Eagle Crest Road',NULL,'Vero Beach','FL','32964','US'),(527,'75106 Boyd Hill',NULL,'Littleton','CO','80127','US'),(528,'685 Kipling Drive',NULL,'New York City','NY','10024','US'),(529,'7529 Basil Point',NULL,'Billings','MT','59105','US'),(530,'12 Banding Circle',NULL,'Saginaw','MI','48609','US'),(531,'1319 Hollow Ridge Parkway',NULL,'Largo','FL','34643','US'),(532,'8 Drewry Street',NULL,'Berkeley','CA','94712','US'),(533,'454 Anzinger Road',NULL,'Memphis','TN','38136','US'),(534,'20 Doe Crossing Center',NULL,'Albuquerque','NM','87201','US'),(535,'1782 Mcguire Place',NULL,'Detroit','MI','48232','US'),(536,'00 Fairview Point',NULL,'Bakersfield','CA','93386','US'),(537,'7421 Lawn Pass',NULL,'New Brunswick','NJ','08922','US'),(538,'4806 Hoard Alley',NULL,'Hartford','CT','06152','US'),(539,'50757 Scoville Parkway',NULL,'Dallas','TX','75397','US'),(540,'99638 Forest Run Plaza',NULL,'Fresno','CA','93726','US'),(541,'4729 Swallow Circle',NULL,'Los Angeles','CA','90010','US'),(542,'6491 Carberry Crossing',NULL,'Vero Beach','FL','32969','US'),(543,'69 Fairview Trail',NULL,'Baton Rouge','LA','70810','US'),(544,'36 Forster Junction',NULL,'Salt Lake City','UT','84130','US'),(545,'86317 Lakewood Gardens Lane',NULL,'Young America','MN','55557','US'),(546,'154 Forest Run Trail',NULL,'Tampa','FL','33615','US'),(547,'2709 Armistice Hill',NULL,'Allentown','PA','18105','US'),(548,'37 1st Drive',NULL,'Houston','TX','77050','US'),(549,'16010 Larry Crossing',NULL,'Atlanta','GA','30358','US'),(550,'39205 Veith Junction',NULL,'Cleveland','OH','44197','US'),(551,'339 Mitchell Terrace',NULL,'Port Charlotte','FL','33954','US'),(552,'9492 Reindahl Park',NULL,'Cumming','GA','30130','US'),(553,'96 Moland Drive',NULL,'Pittsburgh','PA','15255','US'),(554,'6 Debra Way',NULL,'Milwaukee','WI','53277','US'),(555,'87849 Bultman Circle',NULL,'Rockford','IL','61110','US'),(556,'7 Northfield Road',NULL,'El Paso','TX','88563','US'),(557,'3383 Gerald Parkway',NULL,'Lexington','KY','40581','US'),(558,'8853 Dwight Park',NULL,'Dallas','TX','75323','US'),(559,'66124 Hauk Terrace',NULL,'Lynchburg','VA','24515','US'),(560,'9 Russell Plaza',NULL,'San Jose','CA','95160','US'),(561,'80 Meadow Ridge Pass',NULL,'Portsmouth','NH','03804','US'),(562,'05435 Ilene Park',NULL,'Vero Beach','FL','32969','US'),(563,'9791 Troy Place',NULL,'Austin','TX','78715','US'),(564,'67 Orin Alley',NULL,'Silver Spring','MD','20904','US'),(565,'65 Forest Dale Center',NULL,'San Antonio','TX','78285','US'),(566,'961 Atwood Drive',NULL,'College Station','TX','77844','US'),(567,'5153 Saint Paul Street',NULL,'Miami','FL','33196','US'),(568,'7080 Bobwhite Hill',NULL,'Spring','TX','77388','US'),(569,'28366 Lindbergh Lane',NULL,'Jacksonville','FL','32209','US'),(570,'6766 Blaine Plaza',NULL,'Pasadena','CA','91103','US'),(571,'875 Toban Pass',NULL,'Arlington','VA','22212','US'),(572,'86583 East Way',NULL,'Loretto','MN','55598','US'),(573,'320 Londonderry Parkway',NULL,'San Bernardino','CA','92415','US'),(574,'55445 Artisan Pass',NULL,'Bakersfield','CA','93305','US'),(575,'1838 Heath Hill',NULL,'Dallas','TX','75251','US'),(576,'20869 School Lane',NULL,'Olympia','WA','98506','US'),(577,'1844 Dwight Parkway',NULL,'Washington','DC','20010','US'),(578,'87 Mifflin Junction',NULL,'Dallas','TX','75397','US'),(579,'8 Tomscot Street',NULL,'Waterbury','CT','06705','US'),(580,'1298 Annamark Street',NULL,'Saint Paul','MN','55172','US'),(581,'9423 Corben Circle',NULL,'Inglewood','CA','90398','US'),(582,'359 Tennyson Circle',NULL,'Denver','CO','80291','US'),(583,'7465 Vermont Pass',NULL,'Saint Louis','MO','63158','US'),(584,'45168 Arizona Hill',NULL,'El Paso','TX','88584','US'),(585,'7 Sundown Point',NULL,'Chandler','AZ','85246','US'),(586,'3383 Havey Drive',NULL,'San Diego','CA','92127','US'),(587,'079 Dryden Junction',NULL,'Kansas City','MO','64160','US'),(588,'4300 Dahle Circle',NULL,'Corona','CA','92883','US'),(589,'2629 Sachtjen Hill',NULL,'Philadelphia','PA','19125','US'),(590,'190 Dahle Junction',NULL,'Wichita','KS','67236','US'),(591,'06363 Northfield Trail',NULL,'Silver Spring','MD','20910','US'),(592,'0778 Duke Crossing',NULL,'Evansville','IN','47732','US'),(593,'94591 Nevada Terrace',NULL,'Arlington','VA','22217','US'),(594,'9311 Jackson Circle',NULL,'Washington','DC','20088','US'),(595,'02 Lakeland Hill',NULL,'Spokane','WA','99215','US'),(596,'97708 Schiller Plaza',NULL,'Topeka','KS','66642','US'),(597,'330 Pawling Way',NULL,'Fairbanks','AK','99709','US'),(598,'726 Park Meadow Junction',NULL,'Raleigh','NC','27690','US'),(599,'9769 Manley Park',NULL,'Lubbock','TX','79452','US'),(600,'97 5th Lane',NULL,'Albuquerque','NM','87190','US'),(601,'36162 Donald Alley',NULL,'Baltimore','MD','21203','US'),(602,'940 Mitchell Parkway',NULL,'Jackson','MS','39204','US'),(603,'1521 Luster Place',NULL,'Mobile','AL','36670','US'),(604,'6063 Brentwood Hill',NULL,'Norfolk','VA','23520','US'),(605,'22 Fairview Parkway',NULL,'Homestead','FL','33034','US'),(606,'38343 Namekagon Pass',NULL,'Las Vegas','NV','89145','US'),(607,'7939 Kropf Alley',NULL,'Baltimore','MD','21203','US'),(608,'36 Oak Lane',NULL,'Arlington','VA','22234','US'),(609,'9 Texas Circle',NULL,'Washington','DC','20380','US'),(610,'21 Judy Avenue',NULL,'San Diego','CA','92132','US'),(611,'346 Hauk Avenue',NULL,'Jacksonville','FL','32255','US'),(612,'6 Ilene Point',NULL,'Ridgely','MD','21684','US'),(613,'109 Valley Edge Parkway',NULL,'Flushing','NY','11388','US'),(614,'991 Farwell Circle',NULL,'Riverside','CA','92505','US'),(615,'051 Drewry Alley',NULL,'Indianapolis','IN','46202','US'),(616,'2138 Gale Way',NULL,'Pasadena','TX','77505','US'),(617,'5 Lakewood Gardens Pass',NULL,'Miami','FL','33153','US'),(618,'2 Pawling Center',NULL,'Tempe','AZ','85284','US'),(619,'14 Fremont Point',NULL,'Orange','CA','92867','US'),(620,'36554 Messerschmidt Alley',NULL,'Huntington','WV','25721','US'),(621,'62410 Dennis Road',NULL,'Washington','DC','20420','US'),(622,'94426 Warrior Parkway',NULL,'Austin','TX','78783','US'),(623,'7778 Rieder Trail',NULL,'Torrance','CA','90510','US'),(624,'647 Autumn Leaf Road',NULL,'Bakersfield','CA','93399','US'),(625,'73 Muir Crossing',NULL,'Minneapolis','MN','55417','US'),(626,'2 Magdeline Junction',NULL,'Minneapolis','MN','55470','US'),(627,'3555 Forest Run Place',NULL,'Tampa','FL','33647','US'),(628,'89 Sherman Junction',NULL,'Anniston','AL','36205','US'),(629,'3 Bay Junction',NULL,'Saint Louis','MO','63121','US'),(630,'53 Prentice Junction',NULL,'Pittsburgh','PA','15240','US'),(631,'26 Mayer Trail',NULL,'Birmingham','AL','35244','US'),(632,'735 Vermont Avenue',NULL,'Saint Paul','MN','55123','US'),(633,'823 Mcbride Hill',NULL,'Waterloo','IA','50706','US'),(634,'6 Ramsey Lane',NULL,'San Antonio','TX','78245','US'),(635,'99 Granby Avenue',NULL,'Chicago','IL','60619','US'),(636,'68 Reinke Street',NULL,'Albuquerque','NM','87201','US'),(637,'79795 Cody Center',NULL,'Lake Worth','FL','33467','US'),(638,'30 Sunfield Crossing',NULL,'Tulsa','OK','74156','US'),(639,'01485 Eggendart Street',NULL,'Louisville','KY','40287','US'),(640,'71001 Green Ridge Street',NULL,'Atlanta','GA','31119','US'),(641,'70 Express Street',NULL,'Buffalo','NY','14263','US'),(642,'73 Merry Terrace',NULL,'El Paso','TX','88563','US'),(643,'79 Meadow Valley Plaza',NULL,'Washington','DC','20046','US'),(644,'1 Anniversary Parkway',NULL,'Beaumont','TX','77705','US'),(645,'49 Columbus Place',NULL,'Houston','TX','77288','US'),(646,'26 Crownhardt Trail',NULL,'New York City','NY','10024','US'),(647,'57338 Lerdahl Park',NULL,'Omaha','NE','68117','US'),(648,'8 Dixon Hill',NULL,'Bonita Springs','FL','34135','US'),(649,'57 4th Parkway',NULL,'Young America','MN','55573','US'),(650,'439 Trailsway Drive',NULL,'Richmond','VA','23242','US'),(651,'52872 Pankratz Center',NULL,'Santa Fe','NM','87592','US'),(652,'05384 Loftsgordon Plaza',NULL,'Chicago','IL','60681','US'),(653,'68 Leroy Park',NULL,'Cincinnati','OH','45233','US'),(654,'037 Dryden Terrace',NULL,'New York City','NY','10060','US'),(655,'73 Drewry Plaza',NULL,'Philadelphia','PA','19125','US'),(656,'4 Welch Pass',NULL,'Bronx','NY','10469','US'),(657,'80209 Northridge Trail',NULL,'San Antonio','TX','78245','US'),(658,'25448 Marcy Trail',NULL,'Austin','TX','78703','US'),(659,'20 David Drive',NULL,'Rochester','NY','14639','US'),(660,'90027 Arapahoe Alley',NULL,'San Jose','CA','95173','US'),(661,'0890 Tennessee Trail',NULL,'Madison','WI','53726','US'),(662,'17547 Corscot Junction',NULL,'Asheville','NC','28815','US'),(663,'96 Lerdahl Point',NULL,'Youngstown','OH','44555','US'),(664,'37 Columbus Center',NULL,'Syracuse','NY','13217','US'),(665,'5 Mendota Junction',NULL,'Reno','NV','89519','US'),(666,'5 Rieder Way',NULL,'Winter Haven','FL','33884','US'),(667,'23904 Esch Crossing',NULL,'Los Angeles','CA','90094','US'),(668,'2 Fairview Terrace',NULL,'Irving','TX','75062','US'),(669,'34 Sommers Lane',NULL,'Great Neck','NY','11024','US'),(670,'2 Mcguire Way',NULL,'Washington','DC','20210','US'),(671,'5 Johnson Hill',NULL,'Macon','GA','31210','US'),(672,'269 Ilene Circle',NULL,'New York City','NY','10170','US'),(673,'192 Eastlawn Parkway',NULL,'Little Rock','AR','72209','US'),(674,'8673 Mendota Crossing',NULL,'Irvine','CA','92717','US'),(675,'34734 Pawling Court',NULL,'Los Angeles','CA','90094','US'),(676,'18687 Victoria Drive',NULL,'Mesa','AZ','85210','US'),(677,'6171 Arapahoe Alley',NULL,'El Paso','TX','79955','US'),(678,'95335 Dwight Drive',NULL,'Tampa','FL','33610','US'),(679,'65931 Lakeland Point',NULL,'Virginia Beach','VA','23454','US'),(680,'76 Ridgeview Avenue',NULL,'San Diego','CA','92191','US'),(681,'67555 Russell Lane',NULL,'Great Neck','NY','11024','US'),(682,'431 Spohn Court',NULL,'Morgantown','WV','26505','US'),(683,'532 Schiller Pass',NULL,'Louisville','KY','40266','US'),(684,'16 Transport Avenue',NULL,'Wichita','KS','67236','US'),(685,'20903 Hanson Hill',NULL,'Anchorage','AK','99507','US'),(686,'0 Hallows Avenue',NULL,'Omaha','NE','68179','US'),(687,'4876 Village Green Way',NULL,'Shawnee Mission','KS','66220','US'),(688,'8 Myrtle Trail',NULL,'Washington','DC','20046','US'),(689,'7 Burrows Pass',NULL,'Santa Ana','CA','92705','US'),(690,'48 Jenifer Park',NULL,'Tyler','TX','75799','US'),(691,'204 Jackson Circle',NULL,'Columbus','MS','39705','US'),(692,'83111 Thompson Court',NULL,'Cincinnati','OH','45271','US'),(693,'115 Evergreen Alley',NULL,'El Paso','TX','88514','US'),(694,'4 Londonderry Terrace',NULL,'Washington','DC','20392','US'),(695,'20146 Springs Plaza',NULL,'Troy','MI','48098','US'),(696,'2 Pepper Wood Terrace',NULL,'New Orleans','LA','70142','US'),(697,'61 Village Road',NULL,'Anaheim','CA','92805','US'),(698,'6428 Eagan Crossing',NULL,'Everett','WA','98206','US'),(699,'540 Morrow Pass',NULL,'Sacramento','CA','95823','US'),(700,'8 Westridge Lane',NULL,'Denver','CO','80291','US'),(701,'630 Jenna Way',NULL,'Atlanta','GA','30336','US'),(702,'7 Transport Park',NULL,'Charleston','WV','25321','US'),(703,'9 Lakeland Trail',NULL,'Toledo','OH','43605','US'),(704,'96456 Corben Alley',NULL,'Fresno','CA','93773','US'),(705,'81 Hauk Parkway',NULL,'Tampa','FL','33661','US'),(706,'66137 Barby Avenue',NULL,'Boston','MA','02119','US'),(707,'79 Annamark Avenue',NULL,'Trenton','NJ','08695','US'),(708,'92613 Melrose Trail',NULL,'Denver','CO','80291','US'),(709,'447 Butterfield Parkway',NULL,'Memphis','TN','38136','US'),(710,'02707 Morrow Hill',NULL,'San Diego','CA','92191','US'),(711,'552 Village Green Terrace',NULL,'Miami','FL','33147','US'),(712,'6638 Texas Point',NULL,'Los Angeles','CA','90087','US'),(713,'0 Oakridge Parkway',NULL,'Boston','MA','02216','US'),(714,'6897 Duke Plaza',NULL,'Wichita Falls','TX','76305','US'),(715,'4 Summer Ridge Avenue',NULL,'Jacksonville','FL','32215','US'),(716,'01374 Transport Alley',NULL,'Nashville','TN','37235','US'),(717,'0913 Macpherson Plaza',NULL,'Jackson','MS','39282','US'),(718,'57775 Algoma Circle',NULL,'Scranton','PA','18505','US'),(719,'98 Northland Lane',NULL,'Tyler','TX','75705','US'),(720,'924 Almo Drive',NULL,'Washington','DC','20073','US'),(721,'558 Stoughton Street',NULL,'Sacramento','CA','94245','US'),(722,'80432 Kenwood Place',NULL,'Fort Myers','FL','33913','US'),(723,'07769 Old Gate Court',NULL,'Denver','CO','80204','US'),(724,'02446 Amoth Terrace',NULL,'Washington','DC','20456','US'),(725,'47 Jana Plaza',NULL,'Irvine','CA','92710','US'),(726,'9120 Debs Parkway',NULL,'Spokane','WA','99252','US'),(727,'05 Roth Road',NULL,'Flint','MI','48555','US'),(728,'8 Gulseth Parkway',NULL,'North Las Vegas','NV','89036','US'),(729,'7218 Transport Lane',NULL,'Shawnee Mission','KS','66215','US'),(730,'73 Victoria Parkway',NULL,'Las Vegas','NV','89150','US'),(731,'2998 Canary Alley',NULL,'Washington','DC','20409','US'),(732,'251 Sullivan Road',NULL,'West Palm Beach','FL','33411','US'),(733,'80756 John Wall Terrace',NULL,'Atlanta','GA','31132','US'),(734,'27 Colorado Terrace',NULL,'Fargo','ND','58106','US'),(735,'4 Milwaukee Lane',NULL,'El Paso','TX','79940','US'),(736,'2528 Dapin Circle',NULL,'Los Angeles','CA','90025','US'),(737,'991 Muir Trail',NULL,'Saint Louis','MO','63121','US'),(738,'80562 Jenna Street',NULL,'Tampa','FL','33620','US'),(739,'50135 Pawling Hill',NULL,'Austin','TX','78732','US'),(740,'9851 Forest Alley',NULL,'Miami','FL','33196','US'),(741,'7 Dixon Hill',NULL,'Shreveport','LA','71151','US'),(742,'5 Sutherland Park',NULL,'Atlanta','GA','30340','US'),(743,'6226 Sutteridge Avenue',NULL,'Fort Lauderdale','FL','33320','US'),(744,'50943 Havey Drive',NULL,'San Luis Obispo','CA','93407','US'),(745,'0376 Hauk Crossing',NULL,'Lexington','KY','40505','US'),(746,'67 Bunker Hill Place',NULL,'Stockton','CA','95298','US'),(747,'7073 Bashford Way',NULL,'Torrance','CA','90505','US'),(748,'727 Clemons Hill',NULL,'Anchorage','AK','99599','US'),(749,'10510 Graceland Way',NULL,'Huntington','WV','25705','US'),(750,'3510 Kedzie Avenue',NULL,'Fort Wayne','IN','46805','US'),(751,'155 Sunfield Junction',NULL,'Hamilton','OH','45020','US'),(752,'055 Blackbird Drive',NULL,'Glendale','AZ','85305','US'),(753,'7 Farwell Center',NULL,'Huntington','WV','25770','US'),(754,'3 Brickson Park Lane',NULL,'Sacramento','CA','95838','US'),(755,'0 Jenna Trail',NULL,'Atlanta','GA','31132','US'),(756,'130 Bayside Park',NULL,'Houston','TX','77271','US'),(757,'30178 Tony Pass',NULL,'Pueblo','CO','81015','US'),(758,'47 Bay Point',NULL,'Des Moines','IA','50362','US'),(759,'34 Packers Center',NULL,'Jefferson City','MO','65110','US'),(760,'7 Grim Alley',NULL,'Kansas City','MO','64153','US'),(761,'86307 Corben Crossing',NULL,'Hampton','VA','23668','US'),(762,'83 American Ash Lane',NULL,'London','KY','40745','US'),(763,'4245 Vernon Street',NULL,'Phoenix','AZ','85030','US'),(764,'8348 Heath Crossing',NULL,'Detroit','MI','48258','US'),(765,'41 Pine View Park',NULL,'El Paso','TX','79950','US'),(766,'45 Del Mar Alley',NULL,'Baltimore','MD','21211','US'),(767,'20892 Veith Way',NULL,'Saginaw','MI','48604','US'),(768,'55935 Del Mar Way',NULL,'San Diego','CA','92132','US'),(769,'0494 Petterle Circle',NULL,'Biloxi','MS','39534','US'),(770,'00071 Havey Place',NULL,'Denver','CO','80249','US'),(771,'9 Clove Avenue',NULL,'Dallas','TX','75251','US'),(772,'0203 Carpenter Hill',NULL,'Annapolis','MD','21405','US'),(773,'100 New Castle Center',NULL,'Seattle','WA','98166','US'),(774,'25 Morning Center',NULL,'Miami','FL','33175','US'),(775,'50233 Evergreen Street',NULL,'Cumming','GA','30130','US'),(776,'48 Pine View Road',NULL,'Topeka','KS','66611','US'),(777,'11067 Onsgard Street',NULL,'Columbia','SC','29215','US'),(778,'34519 Caliangt Trail',NULL,'Tampa','FL','33610','US'),(779,'14 Calypso Junction',NULL,'Warren','MI','48092','US'),(780,'77 Mayer Circle',NULL,'Great Neck','NY','11024','US'),(781,'9 Bluejay Point',NULL,'South Bend','IN','46620','US'),(782,'1 Corscot Point',NULL,'San Francisco','CA','94169','US'),(783,'9312 Duke Alley',NULL,'Laurel','MD','20709','US'),(784,'6 Knutson Way',NULL,'Van Nuys','CA','91411','US'),(785,'4 Clyde Gallagher Lane',NULL,'San Francisco','CA','94159','US'),(786,'497 Amoth Road',NULL,'Aurora','CO','80015','US'),(787,'055 Butternut Trail',NULL,'Atlanta','GA','30351','US'),(788,'0689 Gulseth Drive',NULL,'Lincoln','NE','68583','US'),(789,'64434 Nevada Hill',NULL,'Alexandria','VA','22333','US'),(790,'53011 Fair Oaks Point',NULL,'Stamford','CT','06905','US'),(791,'84967 Annamark Way',NULL,'Pinellas Park','FL','34665','US'),(792,'27159 Sycamore Street',NULL,'Wilmington','NC','28410','US'),(793,'7257 Scott Center',NULL,'Tampa','FL','33661','US'),(794,'11 Mcguire Plaza',NULL,'Mobile','AL','36670','US'),(795,'9335 Manufacturers Avenue',NULL,'Atlanta','GA','30316','US'),(796,'1 Bunting Alley',NULL,'Washington','DC','20268','US'),(797,'99733 Graceland Pass',NULL,'Canton','OH','44720','US'),(798,'59210 Sutteridge Avenue',NULL,'Charlottesville','VA','22908','US'),(799,'35166 Rowland Circle',NULL,'Gainesville','FL','32605','US'),(800,'2 Dawn Plaza',NULL,'Wilmington','DE','19892','US'),(801,'3 Oak Valley Avenue',NULL,'Baltimore','MD','21211','US'),(802,'00 Washington Road',NULL,'Allentown','PA','18105','US'),(803,'96 Roxbury Pass',NULL,'Anaheim','CA','92805','US'),(804,'2 Mccormick Terrace',NULL,'Memphis','TN','38109','US'),(805,'370 Vernon Center',NULL,'Lansing','MI','48901','US'),(806,'44 Cambridge Hill',NULL,'Houston','TX','77040','US'),(807,'31 Prairie Rose Hill',NULL,'Waco','TX','76796','US'),(808,'994 Aberg Place',NULL,'New York City','NY','10115','US'),(809,'04 Butterfield Place',NULL,'Norwalk','CT','06854','US'),(810,'3466 Service Junction',NULL,'Lawrenceville','GA','30045','US'),(811,'38 Porter Place',NULL,'Washington','DC','20231','US'),(812,'68 Ludington Drive',NULL,'Dallas','TX','75205','US'),(813,'1212 Longview Hill',NULL,'Los Angeles','CA','90030','US'),(814,'48 Cordelia Junction',NULL,'Fort Wayne','IN','46867','US'),(815,'414 Glacier Hill Court',NULL,'South Bend','IN','46634','US'),(816,'79 Fordem Crossing',NULL,'Peoria','IL','61635','US'),(817,'5 Grayhawk Alley',NULL,'El Paso','TX','79940','US'),(818,'3327 Pond Junction',NULL,'Houston','TX','77065','US'),(819,'0197 Pond Park',NULL,'El Paso','TX','88558','US'),(820,'27598 Esch Crossing',NULL,'New York City','NY','10150','US'),(821,'6 Jay Street',NULL,'Brooklyn','NY','11247','US'),(822,'9 Darwin Plaza',NULL,'Texarkana','TX','75507','US'),(823,'91 Darwin Lane',NULL,'Buffalo','NY','14269','US'),(824,'5 Washington Circle',NULL,'Saint Petersburg','FL','33742','US'),(825,'50 Westridge Plaza',NULL,'Boise','ID','83711','US'),(826,'5784 Kennedy Place',NULL,'Lansing','MI','48930','US'),(827,'2 Swallow Center',NULL,'Fort Lauderdale','FL','33325','US'),(828,'21 Paget Hill',NULL,'Lexington','KY','40510','US'),(829,'01 High Crossing Center',NULL,'Dallas','TX','75342','US'),(830,'9 Waxwing Avenue',NULL,'Washington','DC','20442','US'),(831,'85 Carey Alley',NULL,'Miami','FL','33158','US'),(832,'43802 Division Way',NULL,'Henderson','NV','89012','US'),(833,'807 Manley Parkway',NULL,'Washington','DC','20268','US'),(834,'65 Dixon Avenue',NULL,'Bronx','NY','10459','US'),(835,'61711 Lakewood Drive',NULL,'Kansas City','MO','64109','US'),(836,'99 Sutteridge Center',NULL,'Mobile','AL','36689','US'),(837,'62 Forest Run Alley',NULL,'Philadelphia','PA','19109','US'),(838,'49894 Sage Hill',NULL,'Lincoln','NE','68583','US'),(839,'2 Troy Place',NULL,'Nashville','TN','37205','US'),(840,'31 Harper Parkway',NULL,'Jackson','MS','39204','US'),(841,'701 Sunbrook Crossing',NULL,'Chicago','IL','60641','US'),(842,'002 Brickson Park Road',NULL,'Winston Salem','NC','27157','US'),(843,'74062 Marcy Drive',NULL,'Pompano Beach','FL','33064','US'),(844,'4 Acker Crossing',NULL,'Saint Paul','MN','55188','US'),(845,'039 Little Fleur Junction',NULL,'Springfield','MO','65805','US'),(846,'4663 Portage Drive',NULL,'Austin','TX','78789','US'),(847,'95 Hudson Drive',NULL,'Pueblo','CO','81010','US'),(848,'2 Arizona Terrace',NULL,'Gastonia','NC','28055','US'),(849,'1905 Lien Terrace',NULL,'Detroit','MI','48267','US'),(850,'54581 Swallow Pass',NULL,'Melbourne','FL','32941','US'),(851,'4 Clove Road',NULL,'Dallas','TX','75379','US'),(852,'84149 Vera Road',NULL,'Orange','CA','92867','US'),(853,'15 Thackeray Road',NULL,'Cleveland','OH','44118','US'),(854,'53389 Stephen Alley',NULL,'Virginia Beach','VA','23464','US'),(855,'846 Menomonie Alley',NULL,'Boston','MA','02283','US'),(856,'00 Pankratz Lane',NULL,'Indianapolis','IN','46221','US'),(857,'44864 Orin Alley',NULL,'Phoenix','AZ','85083','US'),(858,'7 Evergreen Trail',NULL,'Portsmouth','NH','03804','US'),(859,'55 Bartelt Plaza',NULL,'Oakland','CA','94605','US'),(860,'5 Cardinal Lane',NULL,'New Hyde Park','NY','11044','US'),(861,'043 Oakridge Way',NULL,'Amarillo','TX','79171','US'),(862,'2 Dunning Lane',NULL,'Lafayette','LA','70593','US'),(863,'709 Mesta Park',NULL,'Birmingham','AL','35254','US'),(864,'80587 Grayhawk Place',NULL,'Tulsa','OK','74133','US'),(865,'1623 Sachs Court',NULL,'Newport News','VA','23612','US'),(866,'7901 Weeping Birch Trail',NULL,'Houston','TX','77240','US'),(867,'00468 Sundown Trail',NULL,'Topeka','KS','66617','US'),(868,'08 Elmside Center',NULL,'Dallas','TX','75260','US'),(869,'37090 Corry Lane',NULL,'Santa Fe','NM','87592','US'),(870,'48 Manitowish Hill',NULL,'Rockford','IL','61110','US'),(871,'62 Scott Park',NULL,'Seattle','WA','98148','US'),(872,'66 Derek Drive',NULL,'Lakeland','FL','33805','US'),(873,'07192 Garrison Street',NULL,'Escondido','CA','92030','US'),(874,'9 Nancy Place',NULL,'Milwaukee','WI','53225','US'),(875,'814 Sauthoff Street',NULL,'Memphis','TN','38168','US'),(876,'2 Springs Place',NULL,'El Paso','TX','79984','US'),(877,'634 Cambridge Terrace',NULL,'Akron','OH','44305','US'),(878,'39 Fremont Circle',NULL,'Saint Paul','MN','55188','US'),(879,'0 David Road',NULL,'Memphis','TN','38126','US'),(880,'9206 Sachs Circle',NULL,'Charlotte','NC','28272','US'),(881,'72054 Onsgard Junction',NULL,'Staten Island','NY','10310','US'),(882,'05715 3rd Lane',NULL,'Mobile','AL','36605','US'),(883,'9 Brentwood Terrace',NULL,'Stockton','CA','95210','US'),(884,'20 Mallard Plaza',NULL,'Indianapolis','IN','46226','US'),(885,'487 Nancy Road',NULL,'Spring','TX','77386','US'),(886,'8666 Crowley Street',NULL,'Anaheim','CA','92812','US'),(887,'7486 Prairie Rose Crossing',NULL,'Paterson','NJ','07505','US'),(888,'5450 Meadow Ridge Crossing',NULL,'Aiken','SC','29805','US'),(889,'5585 Buena Vista Way',NULL,'Santa Clara','CA','95054','US'),(890,'50 Gale Place',NULL,'Dallas','TX','75265','US'),(891,'4 Bluejay Center',NULL,'Topeka','KS','66617','US'),(892,'7 Marquette Center',NULL,'Los Angeles','CA','90040','US'),(893,'596 Michigan Trail',NULL,'Huntington','WV','25709','US'),(894,'98 Longview Center',NULL,'Garden Grove','CA','92844','US'),(895,'3 Wayridge Point',NULL,'Worcester','MA','01654','US'),(896,'77 Sundown Circle',NULL,'Memphis','TN','38161','US'),(897,'0121 Derek Lane',NULL,'Atlanta','GA','30368','US'),(898,'104 Holy Cross Drive',NULL,'San Antonio','TX','78265','US'),(899,'8 Hollow Ridge Avenue',NULL,'Omaha','NE','68110','US'),(900,'76681 Eagle Crest Plaza',NULL,'New Orleans','LA','70179','US'),(901,'861 Redwing Pass',NULL,'Monroe','LA','71208','US'),(902,'77 Bultman Drive',NULL,'Santa Ana','CA','92725','US'),(903,'65 Scott Drive',NULL,'Milwaukee','WI','53205','US'),(904,'0258 Crownhardt Drive',NULL,'Vancouver','WA','98682','US'),(905,'03963 Hoepker Crossing',NULL,'Las Vegas','NV','89178','US'),(906,'81183 Washington Alley',NULL,'San Antonio','TX','78291','US'),(907,'74729 Westridge Circle',NULL,'Kansas City','MO','64190','US'),(908,'4 Morrow Drive',NULL,'Des Moines','IA','50315','US'),(909,'195 Mayer Point',NULL,'Kansas City','MO','64101','US'),(910,'21 Almo Parkway',NULL,'Glendale','CA','91205','US'),(911,'82050 Erie Drive',NULL,'Garland','TX','75049','US'),(912,'09 Moose Court',NULL,'Chula Vista','CA','91913','US'),(913,'2243 Moose Center',NULL,'Memphis','TN','38161','US'),(914,'70734 Superior Court',NULL,'Columbia','SC','29203','US'),(915,'5 Twin Pines Park',NULL,'Phoenix','AZ','85099','US'),(916,'1 Union Lane',NULL,'Tyler','TX','75710','US'),(917,'78826 Arrowood Road',NULL,'San Jose','CA','95194','US'),(918,'1735 Waywood Pass',NULL,'Peoria','IL','61629','US'),(919,'428 Dwight Parkway',NULL,'Duluth','GA','30195','US'),(920,'4 Novick Lane',NULL,'Colorado Springs','CO','80945','US'),(921,'285 Knutson Place',NULL,'Las Vegas','NV','89166','US'),(922,'7 Independence Way',NULL,'Jackson','MS','39296','US'),(923,'24 Meadow Vale Way',NULL,'Phoenix','AZ','85035','US'),(924,'0480 Service Drive',NULL,'San Bernardino','CA','92415','US'),(925,'2 Hoard Alley',NULL,'Austin','TX','78789','US'),(926,'06 Brown Avenue',NULL,'Jefferson City','MO','65110','US'),(927,'9 Arizona Avenue',NULL,'Rochester','NY','14624','US'),(928,'269 Arkansas Road',NULL,'Syracuse','NY','13217','US'),(929,'31419 Elgar Circle',NULL,'Ogden','UT','84409','US'),(930,'022 Jackson Hill',NULL,'Washington','DC','20456','US'),(931,'26 Quincy Center',NULL,'New York City','NY','10024','US'),(932,'86840 Maple Trail',NULL,'Riverside','CA','92513','US'),(933,'22148 Annamark Junction',NULL,'Springfield','MA','01105','US'),(934,'893 Granby Place',NULL,'Vancouver','WA','98664','US'),(935,'17 Eastlawn Trail',NULL,'Brooklyn','NY','11254','US'),(936,'08 South Hill',NULL,'Appleton','WI','54915','US'),(937,'9379 Caliangt Alley',NULL,'Las Vegas','NV','89115','US'),(938,'1 Onsgard Street',NULL,'Gilbert','AZ','85297','US'),(939,'68218 Buell Place',NULL,'New Orleans','LA','70154','US'),(940,'32 Oakridge Place',NULL,'Tulsa','OK','74108','US'),(941,'51 Independence Way',NULL,'Jacksonville','FL','32244','US'),(942,'869 Shasta Terrace',NULL,'Atlanta','GA','30311','US'),(943,'611 Debs Alley',NULL,'Denver','CO','80241','US'),(944,'29 Welch Hill',NULL,'Lexington','KY','40505','US'),(945,'57803 Westport Hill',NULL,'Denver','CO','80299','US'),(946,'2 Judy Drive',NULL,'Port Washington','NY','11054','US'),(947,'0 Harper Junction',NULL,'Charleston','WV','25389','US'),(948,'36 Esker Court',NULL,'Boynton Beach','FL','33436','US'),(949,'6 Charing Cross Lane',NULL,'Grand Rapids','MI','49505','US'),(950,'5 Rockefeller Parkway',NULL,'Roanoke','VA','24004','US'),(951,'616 Oak Place',NULL,'Van Nuys','CA','91411','US'),(952,'6069 Park Meadow Junction',NULL,'Lexington','KY','40546','US'),(953,'6 Oriole Avenue',NULL,'Tallahassee','FL','32309','US'),(954,'275 Barnett Way',NULL,'Las Vegas','NV','89193','US'),(955,'9791 Waxwing Lane',NULL,'Lima','OH','45807','US'),(956,'005 Ryan Lane',NULL,'Brea','CA','92822','US'),(957,'3 Glendale Terrace',NULL,'Decatur','GA','30033','US'),(958,'80393 Eggendart Circle',NULL,'Chicago','IL','60604','US'),(959,'56 Grover Point',NULL,'Charlotte','NC','28230','US'),(960,'90 Judy Parkway',NULL,'Saint Paul','MN','55114','US'),(961,'2 Mesta Park',NULL,'Mesquite','TX','75185','US'),(962,'72 Bluejay Pass',NULL,'Omaha','NE','68110','US'),(963,'259 Morrow Avenue',NULL,'Danbury','CT','06816','US'),(964,'1920 Carpenter Plaza',NULL,'Los Angeles','CA','90076','US'),(965,'98 Hagan Crossing',NULL,'Hartford','CT','06160','US'),(966,'3940 Holy Cross Avenue',NULL,'Tucson','AZ','85732','US'),(967,'7 Ohio Road',NULL,'Tampa','FL','33610','US'),(968,'6 Susan Plaza',NULL,'Houston','TX','77288','US'),(969,'8554 Tomscot Road',NULL,'Newark','NJ','07188','US'),(970,'1 Esker Trail',NULL,'Youngstown','OH','44505','US'),(971,'2 Logan Crossing',NULL,'Fort Collins','CO','80525','US'),(972,'7732 Roxbury Place',NULL,'Baltimore','MD','21281','US'),(973,'2034 Buena Vista Drive',NULL,'Stamford','CT','06922','US'),(974,'3 Nova Center',NULL,'Trenton','NJ','08608','US'),(975,'3 Mockingbird Circle',NULL,'Omaha','NE','68105','US'),(976,'3 Tomscot Terrace',NULL,'Winston Salem','NC','27150','US'),(977,'20718 Rusk Circle',NULL,'Cedar Rapids','IA','52405','US'),(978,'21719 Forest Terrace',NULL,'Fresno','CA','93762','US'),(979,'158 Mallard Court',NULL,'Des Moines','IA','50330','US'),(980,'60502 Lerdahl Alley',NULL,'Shawnee Mission','KS','66210','US'),(981,'670 Darwin Avenue',NULL,'Daytona Beach','FL','32118','US'),(982,'8 Bultman Circle',NULL,'Richmond','VA','23272','US'),(983,'1491 Saint Paul Trail',NULL,'Honolulu','HI','96820','US'),(984,'9 Fuller Avenue',NULL,'Saint Louis','MO','63169','US'),(985,'54 Bartillon Trail',NULL,'Austin','TX','78783','US'),(986,'901 Erie Lane',NULL,'Maple Plain','MN','55572','US'),(987,'37 Glendale Lane',NULL,'San Rafael','CA','94913','US'),(988,'24 Carberry Junction',NULL,'Rochester','NY','14639','US'),(989,'2825 Main Park',NULL,'Richmond','VA','23220','US'),(990,'9029 Larry Alley',NULL,'New Orleans','LA','70129','US'),(991,'226 Miller Crossing',NULL,'Escondido','CA','92030','US'),(992,'65 Mendota Crossing',NULL,'Houston','TX','77095','US'),(993,'2 Killdeer Lane',NULL,'Washington','DC','20022','US'),(994,'047 Manley Terrace',NULL,'Milwaukee','WI','53205','US'),(995,'78 Fairfield Road',NULL,'Cincinnati','OH','45271','US'),(996,'5127 Westridge Drive',NULL,'Cleveland','OH','44118','US'),(997,'6 Kim Plaza',NULL,'Bowie','MD','20719','US'),(998,'2 Portage Circle',NULL,'Las Vegas','NV','89166','US'),(999,'37405 Morrow Park',NULL,'Wichita','KS','67215','US'),(1000,'6660 Vidon Way',NULL,'Fullerton','CA','92640','US');
/*!40000 ALTER TABLE `address` ENABLE KEYS */;
UNLOCK TABLES;

--
-- Table structure for table `customer`
--

DROP TABLE IF EXISTS `customer`;
/*!40101 SET @saved_cs_client     = @@character_set_client */;
/*!40101 SET character_set_client = utf8 */;
CREATE TABLE `customer` (
  `customer_id` bigint(20) NOT NULL AUTO_INCREMENT,
  `first_name` varchar(255) NOT NULL,
  `last_name` varchar(255) NOT NULL,
  `customer_address_id` bigint(20) NOT NULL,
  `email` varchar(100) NOT NULL,
  `phone_number` varchar(100) DEFAULT NULL,
  PRIMARY KEY (`customer_id`),
  KEY `customer_FK` (`customer_address_id`),
  CONSTRAINT `customer_FK` FOREIGN KEY (`customer_address_id`) REFERENCES `address` (`address_id`)
) ENGINE=InnoDB AUTO_INCREMENT=1001 DEFAULT CHARSET=utf8;
/*!40101 SET character_set_client = @saved_cs_client */;

--
-- Dumping data for table `customer`
--

LOCK TABLES `customer` WRITE;
/*!40000 ALTER TABLE `customer` DISABLE KEYS */;
INSERT INTO `customer` VALUES (1,'Flin','Ceaser',80,'fceaser0@devhub.com','254-519-9008'),(2,'Burgess','Melliard',205,'bmelliard1@ucla.edu','948-856-1143'),(3,'Emmalynn','Peasby',178,'epeasby2@blogtalkradio.com','662-532-3496'),(4,'Beckie','Pawlik',186,'bpawlik3@google.com.hk','151-418-0697'),(5,'Baxie','Splaven',757,'bsplaven4@lycos.com','917-938-5059'),(6,'Angeli','Birney',208,'abirney5@princeton.edu','148-900-8106'),(7,'Sonny','Manklow',269,'smanklow6@networksolutions.com','797-416-8817'),(8,'Dorian','Orrice',362,'dorrice7@seesaa.net','944-180-1324'),(9,'Alecia','Inch',839,'ainch8@cmu.edu','672-836-3361'),(10,'Marney','Asche',600,'masche9@taobao.com','575-162-6388'),(11,'Jessa','Spittle',125,'jspittlea@sciencedirect.com','344-397-9095'),(12,'Ira','Wildt',116,'iwildtb@vimeo.com','990-272-1222'),(13,'Theodore','Callaway',472,'tcallawayc@imageshack.us','702-398-5102'),(14,'Tracie','Meech',16,'tmeechd@paginegialle.it','817-468-0886'),(15,'Randolf','Carolan',661,'rcarolane@dion.ne.jp','808-777-7124'),(16,'Stacey','Pearson',952,'spearsonf@independent.co.uk','428-849-3831'),(17,'Milt','Izaac',848,'mizaacg@slashdot.org','860-410-6134'),(18,'Birgit','McInally',257,'bmcinallyh@google.cn','340-448-8996'),(19,'Tanhya','Trevaskus',563,'ttrevaskusi@amazonaws.com','269-159-5514'),(20,'Torey','Heath',771,'theathj@oaic.gov.au','197-710-7149'),(21,'Gilemette','Schrieves',118,'gschrievesk@oaic.gov.au','590-415-8348'),(22,'Torr','Penkethman',455,'tpenkethmanl@shinystat.com','285-307-5790'),(23,'Dmitri','Amoore',974,'damoorem@gravatar.com','388-741-2620'),(24,'Kellyann','Terrazzo',299,'kterrazzon@thetimes.co.uk','153-508-0005'),(25,'Brear','Flanders',44,'bflanderso@theglobeandmail.com','850-166-8389'),(26,'Cobby','Ziemke',181,'cziemkep@netlog.com','409-363-1297'),(27,'Mavra','Burrells',901,'mburrellsq@twitter.com','937-738-6374'),(28,'Amata','Dundin',84,'adundinr@wikimedia.org','293-354-7143'),(29,'Dorelle','Saxton',381,'dsaxtons@webmd.com','209-675-9276'),(30,'Ronnie','Gindghill',160,'rgindghillt@wix.com','626-712-3801'),(31,'Yoshi','Jackman',534,'yjackmanu@github.io','231-392-9686'),(32,'Archie','Serfati',140,'aserfativ@alexa.com','843-151-3557'),(33,'Harris','Radbond',595,'hradbondw@ibm.com','849-443-5811'),(34,'Devon','Felstead',345,'dfelsteadx@salon.com','898-687-2974'),(35,'Dave','Searston',461,'dsearstony@china.com.cn','214-941-9526'),(36,'Corbet','Kingsbury',415,'ckingsburyz@go.com','525-521-3269'),(37,'Baxie','Gremane',717,'bgremane10@dell.com','193-166-0767'),(38,'Lorine','Marrian',644,'lmarrian11@blogtalkradio.com','654-475-2112'),(39,'Chickie','Chapelhow',745,'cchapelhow12@reuters.com','630-598-2031'),(40,'Mathew','Hallawell',802,'mhallawell13@symantec.com','426-224-6433'),(41,'Donal','Whittaker',325,'dwhittaker14@tiny.cc','944-983-4849'),(42,'Alvis','Fairbrace',880,'afairbrace15@mapy.cz','826-890-1779'),(43,'Saxon','Lanchberry',691,'slanchberry16@nbcnews.com','599-775-2216'),(44,'Micky','Cressy',359,'mcressy17@forbes.com','557-212-2433'),(45,'Sophie','de Merida',24,'sdemerida18@uol.com.br','416-400-9294'),(46,'Marna','Sparkwell',998,'msparkwell19@nytimes.com','611-635-2945'),(47,'Cyril','Brotherhed',126,'cbrotherhed1a@blogger.com','368-523-6098'),(48,'Robenia','Jentin',63,'rjentin1b@google.co.jp','321-844-5041'),(49,'Adair','Herity',244,'aherity1c@hud.gov','755-178-1140'),(50,'Martynne','Birkett',660,'mbirkett1d@biblegateway.com','202-511-0802'),(51,'Daniella','Senett',136,'dsenett1e@edublogs.org','731-877-8870'),(52,'Tucker','Barr',640,'tbarr1f@tinypic.com','871-653-3996'),(53,'Fairleigh','Pears',633,'fpears1g@tripod.com','582-996-4503'),(54,'Patrizio','Skures',73,'pskures1h@forbes.com','134-902-9272'),(55,'Parsifal','Adiscot',652,'padiscot1i@tinyurl.com','379-353-8185'),(56,'Dianna','Gudde',733,'dgudde1j@google.co.jp','704-193-4272'),(57,'Arte','Piborn',263,'apiborn1k@geocities.com','647-512-8842'),(58,'Padraig','Bene',119,'pbene1l@google.com.hk','855-994-6526'),(59,'Sidoney','Cutsforth',462,'scutsforth1m@nsw.gov.au','253-924-9673'),(60,'Gina','Buss',507,'gbuss1n@woothemes.com','766-753-2016'),(61,'Roz','Pock',122,'rpock1o@devhub.com','481-685-9410'),(62,'Lauree','Kopmann',983,'lkopmann1p@elpais.com','449-739-5306'),(63,'Georgeanna','Skoughman',289,'gskoughman1q@a8.net','344-593-2777'),(64,'Evered','Conor',522,'econor1r@google.de','586-658-3303'),(65,'Tani','Male',636,'tmale1s@dyndns.org','199-327-9162'),(66,'Caroline','Halstead',187,'chalstead1t@google.it','689-163-6176'),(67,'Tanhya','Weine',979,'tweine1u@marriott.com','471-505-9323'),(68,'Aubry','Penrith',308,'apenrith1v@usnews.com','117-427-1798'),(69,'Elisabetta','Clissold',394,'eclissold1w@ted.com','453-945-9232'),(70,'Andriana','Inglese',950,'ainglese1x@example.com','923-342-1857'),(71,'Truda','Warmisham',318,'twarmisham1y@cafepress.com','182-216-2995'),(72,'Page','Mateescu',897,'pmateescu1z@discovery.com','654-531-4403'),(73,'Carlo','Arno',301,'carno20@prlog.org','385-634-3922'),(74,'Nikolos','Mendonca',258,'nmendonca21@google.co.jp','580-377-8021'),(75,'Gregoire','Brisseau',71,'gbrisseau22@narod.ru','963-142-0571'),(76,'Bamby','McCaughren',514,'bmccaughren23@dagondesign.com','253-730-8238'),(77,'Maitilde','Sille',286,'msille24@amazon.de','444-954-4099'),(78,'Desirae','Selly',134,'dselly25@usa.gov','514-580-4175'),(79,'Tilly','Shemmin',214,'tshemmin26@mozilla.com','808-450-3086'),(80,'Torrin','Blakeman',165,'tblakeman27@about.com','396-189-4302'),(81,'Cherri','Clowney',391,'cclowney28@phoca.cz','402-896-9550'),(82,'Ramona','Alberts',624,'ralberts29@feedburner.com','176-440-5323'),(83,'Carny','Dixie',838,'cdixie2a@msu.edu','489-271-9053'),(84,'Lorelei','Thorrington',991,'lthorrington2b@hostgator.com','876-442-3019'),(85,'Leon','Duffus',483,'lduffus2c@nih.gov','340-405-3615'),(86,'Arielle','Fillingham',4,'afillingham2d@yellowbook.com','129-357-0415'),(87,'Lovell','Lewry',625,'llewry2e@goodreads.com','175-605-2531'),(88,'Maude','Seston',271,'mseston2f@nhs.uk','931-601-9698'),(89,'Tallia','Francescone',51,'tfrancescone2g@statcounter.com','215-997-9426'),(90,'Galen','Handasyde',330,'ghandasyde2h@yelp.com','744-724-4350'),(91,'Barbe','Sheeres',191,'bsheeres2i@cam.ac.uk','600-305-2757'),(92,'Eleonore','Borer',35,'eborer2j@microsoft.com','241-136-3790'),(93,'Worth','Frensche',609,'wfrensche2k@netlog.com','263-190-5455'),(94,'Peggie','Henzley',805,'phenzley2l@4shared.com','898-275-5062'),(95,'Lydie','Davall',521,'ldavall2m@google.de','852-676-1645'),(96,'Tabby','Cornforth',463,'tcornforth2n@xrea.com','579-231-7070'),(97,'Niki','Scurman',735,'nscurman2o@globo.com','649-324-3058'),(98,'Kaitlynn','Regina',938,'kregina2p@slideshare.net','426-152-1501'),(99,'Mylo','Mc Coughan',515,'mmccoughan2q@wikia.com','511-422-5440'),(100,'Renae','Calan',670,'rcalan2r@simplemachines.org','404-878-1694'),(101,'Alicea','Tremathick',364,'atremathick2s@tripadvisor.com','804-331-8502'),(102,'Teddy','Benfell',83,'tbenfell2t@pinterest.com','387-351-5478'),(103,'Verna','Deverock',437,'vdeverock2u@homestead.com','647-432-8407'),(104,'Yvonne','Sterte',558,'ysterte2v@ted.com','108-680-0499'),(105,'Allister','Tournie',477,'atournie2w@moonfruit.com','952-152-0222'),(106,'Oriana','Siebert',408,'osiebert2x@blogger.com','487-241-5199'),(107,'Hailee','Welland',440,'hwelland2y@admin.ch','327-744-1964'),(108,'Brittany','Maxsted',250,'bmaxsted2z@wikimedia.org','981-419-7981'),(109,'Lanae','Glanfield',342,'lglanfield30@eepurl.com','509-514-4350'),(110,'Ardene','Dyment',341,'adyment31@businessinsider.com','572-256-7386'),(111,'Bat','Ewestace',54,'bewestace32@chron.com','848-964-2527'),(112,'Sollie','O\' Shea',108,'soshea33@accuweather.com','526-246-8341'),(113,'Delmar','Alltimes',687,'dalltimes34@hao123.com','841-565-5377'),(114,'West','Burnall',427,'wburnall35@eepurl.com','124-402-8780'),(115,'Dene','Asplen',835,'dasplen36@tripod.com','247-886-9654'),(116,'Abagael','Drinkeld',680,'adrinkeld37@tuttocitta.it','986-596-1103'),(117,'Diego','Christal',219,'dchristal38@mlb.com','434-574-2403'),(118,'Lewiss','Lecount',590,'llecount39@google.com.br','414-234-3047'),(119,'Stacy','Bellew',456,'sbellew3a@telegraph.co.uk','883-540-3495'),(120,'Nari','Plevey',550,'nplevey3b@nasa.gov','374-467-4443'),(121,'Evan','Le Franc',916,'elefranc3c@un.org','156-199-9424'),(122,'Fanny','Powland',344,'fpowland3d@dmoz.org','519-897-0910'),(123,'Dannie','McLagain',961,'dmclagain3e@noaa.gov','597-653-3989'),(124,'Nicolette','Robbert',387,'nrobbert3f@123-reg.co.uk','150-683-2577'),(125,'Demetria','Ellingford',400,'dellingford3g@nydailynews.com','451-794-8623'),(126,'Anderson','Bows',69,'abows3h@flavors.me','761-319-5725'),(127,'Bessie','Muselli',547,'bmuselli3i@japanpost.jp','747-759-4724'),(128,'Dasya','Shrieves',888,'dshrieves3j@artisteer.com','807-708-9981'),(129,'Darren','Buglass',575,'dbuglass3k@nba.com','590-785-4668'),(130,'Cristin','Giovannetti',42,'cgiovannetti3l@hibu.com','791-445-2558'),(131,'Laverne','Eichmann',862,'leichmann3m@house.gov','760-574-3233'),(132,'Pen','Rodolphe',863,'prodolphe3n@dailymail.co.uk','206-463-0194'),(133,'Derk','Midner',401,'dmidner3o@yellowpages.com','539-825-4160'),(134,'Averyl','Winfred',67,'awinfred3p@bluehost.com','585-844-7871'),(135,'Flss','Yakobowitch',295,'fyakobowitch3q@netscape.com','873-729-8554'),(136,'Paola','Lanfranchi',773,'planfranchi3r@dedecms.com','941-726-1255'),(137,'Katerina','Kerwood',714,'kkerwood3s@ft.com','418-755-7705'),(138,'Lynna','Kernaghan',887,'lkernaghan3t@mayoclinic.com','120-568-5354'),(139,'Keslie','Abramovic',50,'kabramovic3u@hc360.com','426-145-5780'),(140,'Lyndsey','Sabbatier',98,'lsabbatier3v@networkadvertising.org','513-167-3740'),(141,'Pierre','Bewshire',513,'pbewshire3w@skype.com','158-163-7102'),(142,'Ingeborg','Norrie',490,'inorrie3x@apple.com','759-705-1533'),(143,'Nevin','Waldocke',485,'nwaldocke3y@sourceforge.net','214-678-0193'),(144,'Troy','Colebeck',484,'tcolebeck3z@mozilla.org','581-546-7137'),(145,'Guinna','Omond',543,'gomond40@apache.org','443-630-8470'),(146,'Dani','Younger',957,'dyounger41@china.com.cn','691-666-5772'),(147,'Keri','Mateiko',102,'kmateiko42@google.fr','595-765-9434'),(148,'Clo','Tenbrug',647,'ctenbrug43@domainmarket.com','567-483-3031'),(149,'Bat','Stoile',648,'bstoile44@ft.com','644-690-1608'),(150,'Arabela','Trebble',564,'atrebble45@theguardian.com','343-977-5179'),(151,'Masha','Hobgen',65,'mhobgen46@techcrunch.com','496-711-1818'),(152,'Bartlet','Jozwiak',958,'bjozwiak47@opera.com','903-335-3728'),(153,'Blake','Cund',297,'bcund48@sun.com','932-384-5330'),(154,'Annecorinne','Rusling',929,'arusling49@amazon.co.jp','837-388-8666'),(155,'Heloise','McDonnell',585,'hmcdonnell4a@wiley.com','882-234-8633'),(156,'Cynthia','Krzyzowski',141,'ckrzyzowski4b@bandcamp.com','159-816-4178'),(157,'Timothy','Plewes',641,'tplewes4c@guardian.co.uk','511-591-5175'),(158,'Leora','Iacoboni',913,'liacoboni4d@wired.com','936-578-3038'),(159,'Benedikt','Goodisson',519,'bgoodisson4e@google.com','594-862-8300'),(160,'Kaleena','Coulthard',607,'kcoulthard4f@indiegogo.com','996-891-8490'),(161,'Drona','Ovanesian',951,'dovanesian4g@psu.edu','977-984-0698'),(162,'Beret','Kell',562,'bkell4h@techcrunch.com','925-576-2682'),(163,'Linnell','Barry',292,'lbarry4i@domainmarket.com','543-862-9169'),(164,'Jefferey','Cartwight',730,'jcartwight4j@imgur.com','592-348-6008'),(165,'Elie','Kares',820,'ekares4k@sun.com','823-799-5115'),(166,'Jonathon','de Juares',465,'jdejuares4l@hexun.com','740-555-5042'),(167,'Kandy','Manville',812,'kmanville4m@msu.edu','270-112-2299'),(168,'Rafaelita','Tuffley',912,'rtuffley4n@lulu.com','724-796-3399'),(169,'Eugenio','Tolliday',68,'etolliday4o@bloglovin.com','275-732-5936'),(170,'Vilhelmina','Goode',200,'vgoode4p@godaddy.com','492-799-2430'),(171,'Ashley','Brosio',879,'abrosio4q@elpais.com','670-454-6769'),(172,'Christopher','McCamish',767,'cmccamish4r@thetimes.co.uk','946-389-5882'),(173,'Adaline','Terris',917,'aterris4s@multiply.com','275-300-0736'),(174,'Caryl','Gailor',878,'cgailor4t@rambler.ru','932-224-9686'),(175,'Christina','Gann',240,'cgann4u@mit.edu','649-652-8309'),(176,'Mariel','Izsak',117,'mizsak4v@psu.edu','813-999-3307'),(177,'Gradeigh','Oppie',528,'goppie4w@ca.gov','982-493-6168'),(178,'Christan','Late',234,'clate4x@clickbank.net','575-276-7249'),(179,'Shelly','McCleverty',384,'smccleverty4y@bigcartel.com','269-233-2836'),(180,'Darci','Connachan',576,'dconnachan4z@tuttocitta.it','424-243-1937'),(181,'Maggee','Jamary',367,'mjamary50@sciencedaily.com','817-119-5840'),(182,'Pepi','Vampouille',884,'pvampouille51@icq.com','222-762-3759'),(183,'Erda','Prater',132,'eprater52@google.es','430-445-3896'),(184,'Brit','Darthe',482,'bdarthe53@kickstarter.com','643-409-7659'),(185,'Gertie','Boulding',789,'gboulding54@bigcartel.com','646-286-7720'),(186,'Hubie','Coonihan',197,'hcoonihan55@mapy.cz','973-177-0671'),(187,'Tori','Mill',810,'tmill56@pinterest.com','509-714-2965'),(188,'Gipsy','Codd',596,'gcodd57@elegantthemes.com','131-832-7027'),(189,'Corbin','Probetts',10,'cprobetts58@xinhuanet.com','747-382-9021'),(190,'Conchita','Rylands',417,'crylands59@princeton.edu','851-939-1689'),(191,'Poppy','Bridat',581,'pbridat5a@statcounter.com','319-271-8758'),(192,'Christal','Tatlock',49,'ctatlock5b@irs.gov','414-740-7324'),(193,'Misti','De Caroli',62,'mdecaroli5c@amazon.com','407-613-3135'),(194,'Ranee','Biermatowicz',393,'rbiermatowicz5d@sciencedaily.com','176-217-7854'),(195,'Alvy','Folk',229,'afolk5e@networkadvertising.org','326-828-0593'),(196,'Ambrosio','Glyn',741,'aglyn5f@reference.com','953-436-2315'),(197,'Melodie','Hazelden',538,'mhazelden5g@instagram.com','176-143-9642'),(198,'Cordelia','Regardsoe',120,'cregardsoe5h@gmpg.org','533-520-8070'),(199,'Constantino','Gollin',352,'cgollin5i@friendfeed.com','164-346-0070'),(200,'Darill','Orry',551,'dorry5j@chron.com','376-680-7810'),(201,'Midge','Zelner',423,'mzelner5k@npr.org','441-212-1048'),(202,'Noell','Sweetmore',784,'nsweetmore5l@ucla.edu','583-850-9809'),(203,'Bernie','Osanne',398,'bosanne5m@ftc.gov','328-968-5994'),(204,'Dalli','Drinan',685,'ddrinan5n@desdev.cn','204-899-8919'),(205,'Benedicto','Adamek',470,'badamek5o@1und1.de','290-573-8045'),(206,'Erna','Ivakhin',790,'eivakhin5p@free.fr','539-586-5721'),(207,'Yetta','Yvens',447,'yyvens5q@digg.com','857-267-6366'),(208,'Kylila','Nutting',101,'knutting5r@merriam-webster.com','967-359-6966'),(209,'Xever','Brando',688,'xbrando5s@fc2.com','857-574-8097'),(210,'Carmine','Detoile',936,'cdetoile5t@wikia.com','939-685-4840'),(211,'Cinnamon','Rubert',975,'crubert5u@ucla.edu','266-720-2333'),(212,'Jeromy','Balam',927,'jbalam5v@webmd.com','543-564-6154'),(213,'Cristen','Varfolomeev',167,'cvarfolomeev5w@nationalgeographic.com','667-687-2203'),(214,'Louise','Hucquart',694,'lhucquart5x@ucsd.edu','695-232-7133'),(215,'Finlay','Poynzer',586,'fpoynzer5y@clickbank.net','863-115-5288'),(216,'Nona','Crossgrove',695,'ncrossgrove5z@scientificamerican.com','973-613-0142'),(217,'Sherwynd','Roiz',369,'sroiz60@digg.com','714-943-1119'),(218,'Lyle','Doveston',915,'ldoveston61@rambler.ru','915-912-4829'),(219,'Nicolea','Densey',91,'ndensey62@hud.gov','813-840-9726'),(220,'Sandye','Karoly',237,'skaroly63@auda.org.au','885-716-2530'),(221,'Remus','Patek',719,'rpatek64@nps.gov','188-556-3274'),(222,'Gypsy','Cordeux',135,'gcordeux65@phoca.cz','966-788-0815'),(223,'Bethina','Salvadori',130,'bsalvadori66@hubpages.com','401-284-4041'),(224,'Arturo','Adamolli',245,'aadamolli67@biblegateway.com','655-411-9041'),(225,'Marena','Battista',990,'mbattista68@trellian.com','226-229-8424'),(226,'Correy','Brockhouse',468,'cbrockhouse69@cyberchimps.com','440-377-2318'),(227,'Corabel','Berr',47,'cberr6a@furl.net','559-938-2647'),(228,'Concettina','Toun',540,'ctoun6b@histats.com','910-500-9970'),(229,'Viv','Capeloff',90,'vcapeloff6c@simplemachines.org','773-280-6162'),(230,'Celie','Kryska',347,'ckryska6d@seesaa.net','666-929-8514'),(231,'Gavin','McAnalley',283,'gmcanalley6e@upenn.edu','204-259-8521'),(232,'Mead','Huzzey',597,'mhuzzey6f@intel.com','344-288-7034'),(233,'Ximenez','Wakely',55,'xwakely6g@spotify.com','981-487-2176'),(234,'Grier','Cowton',307,'gcowton6h@chicagotribune.com','328-947-3412'),(235,'Odelle','Gaunter',211,'ogaunter6i@epa.gov','972-383-4036'),(236,'Cyndia','McMennum',793,'cmcmennum6j@nifty.com','821-575-2635'),(237,'Isak','McQuirk',658,'imcquirk6k@weather.com','760-608-9551'),(238,'Roanna','Elsay',775,'relsay6l@dropbox.com','690-328-2383'),(239,'Maurene','Weerdenburg',761,'mweerdenburg6m@psu.edu','935-128-9445'),(240,'Teador','Costelow',824,'tcostelow6n@yelp.com','916-944-0935'),(241,'Ev','Guirard',615,'eguirard6o@forbes.com','132-116-9648'),(242,'Ollie','Chad',873,'ochad6p@wordpress.org','264-980-2220'),(243,'Burty','Zupone',280,'bzupone6q@newyorker.com','617-569-4941'),(244,'Beulah','Fall',738,'bfall6r@mayoclinic.com','682-290-8945'),(245,'Gib','Biggans',504,'gbiggans6s@cbslocal.com','584-857-8151'),(246,'Ax','Auchterlonie',252,'aauchterlonie6t@yellowbook.com','362-920-5981'),(247,'Sandie','Snooks',356,'ssnooks6u@addthis.com','461-385-5897'),(248,'Krystyna','Allenson',37,'kallenson6v@hp.com','579-983-2071'),(249,'Shannon','Cantera',213,'scantera6w@fema.gov','984-726-8061'),(250,'Eloise','Penketh',231,'epenketh6x@usda.gov','443-675-6856'),(251,'Erik','Forton',520,'eforton6y@hud.gov','507-962-9508'),(252,'Sebastian','Rodolfi',583,'srodolfi6z@slashdot.org','781-395-7612'),(253,'Suzanne','Avrahamoff',328,'savrahamoff70@wikia.com','898-115-0988'),(254,'Gerrie','Tryhorn',783,'gtryhorn71@unc.edu','954-501-0521'),(255,'Gradey','Fonzo',569,'gfonzo72@independent.co.uk','615-296-7195'),(256,'Helenelizabeth','Scoles',198,'hscoles73@wix.com','638-772-4541'),(257,'Randie','Stoddart',157,'rstoddart74@flavors.me','855-165-8845'),(258,'Sydel','Phelit',424,'sphelit75@newyorker.com','854-284-8614'),(259,'Ruthe','Jefferies',18,'rjefferies76@barnesandnoble.com','966-420-8669'),(260,'Lou','Pauley',604,'lpauley77@unicef.org','364-468-7164'),(261,'Geoffry','Petronis',169,'gpetronis78@narod.ru','998-863-5757'),(262,'Daisy','Hindmoor',222,'dhindmoor79@amazon.com','203-596-1022'),(263,'Tynan','Haynes',170,'thaynes7a@unc.edu','155-112-0436'),(264,'Michaella','Saggs',601,'msaggs7b@amazon.co.uk','764-731-7720'),(265,'Kippie','MacColl',725,'kmaccoll7c@behance.net','892-424-5888'),(266,'Marjie','Paulus',804,'mpaulus7d@de.vu','158-187-5774'),(267,'Euphemia','Billinge',113,'ebillinge7e@sitemeter.com','936-250-9885'),(268,'Roseanna','Champ',20,'rchamp7f@wunderground.com','623-246-1029'),(269,'Francklin','Dalgarno',724,'fdalgarno7g@icio.us','720-985-4445'),(270,'Hermina','Pallin',976,'hpallin7h@istockphoto.com','621-888-2014'),(271,'Henrie','Ferminger',70,'hferminger7i@buzzfeed.com','815-776-0110'),(272,'Shannon','Divill',444,'sdivill7j@edublogs.org','631-319-3778'),(273,'Siana','Hethron',428,'shethron7k@topsy.com','756-634-2667'),(274,'Friederike','Linturn',107,'flinturn7l@si.edu','907-201-3798'),(275,'Horten','Stienham',792,'hstienham7m@bravesites.com','249-759-8480'),(276,'Nananne','Temby',433,'ntemby7n@trellian.com','687-173-5724'),(277,'Saraann','O\' Hern',494,'sohern7o@newsvine.com','817-725-5026'),(278,'Bryna','Castlake',255,'bcastlake7p@sakura.ne.jp','731-916-8718'),(279,'Kiley','Cullrford',241,'kcullrford7q@weather.com','373-538-9280'),(280,'Cobb','Goodwins',751,'cgoodwins7r@google.ru','123-895-7575'),(281,'Hagan','Marran',397,'hmarran7s@technorati.com','791-108-4902'),(282,'Lurette','Wilhelmy',527,'lwilhelmy7t@addtoany.com','234-116-7042'),(283,'Bail','Dooland',795,'bdooland7u@wikia.com','824-919-2654'),(284,'Bordy','Wyett',89,'bwyett7v@pcworld.com','208-263-6784'),(285,'Candice','Manuely',610,'cmanuely7w@hexun.com','922-339-3072'),(286,'Rosaleen','Labone',723,'rlabone7x@yale.edu','966-390-1951'),(287,'Myrtice','Crowche',582,'mcrowche7y@sohu.com','488-404-3616'),(288,'Avictor','Frany',529,'afrany7z@ow.ly','807-902-6934'),(289,'Katuscha','Lodevick',85,'klodevick80@tripadvisor.com','448-130-8507'),(290,'Angelina','Ipgrave',740,'aipgrave81@go.com','261-131-2760'),(291,'Kile','Pavinese',744,'kpavinese82@ow.ly','898-239-1506'),(292,'Tally','Dent',378,'tdent83@about.com','972-394-6122'),(293,'Frannie','McLewd',627,'fmclewd84@oakley.com','869-104-2319'),(294,'Coreen','Bold',673,'cbold85@nymag.com','299-771-7796'),(295,'Maryjane','Hannant',599,'mhannant86@live.com','283-395-9393'),(296,'Adrianne','MacAnulty',666,'amacanulty87@army.mil','635-614-4964'),(297,'Kristy','Stephens',56,'kstephens88@tinypic.com','490-635-5920'),(298,'Norri','McGuffie',414,'nmcguffie89@theguardian.com','239-932-6439'),(299,'Antoinette','Relfe',92,'arelfe8a@reference.com','215-977-5120'),(300,'Teddy','Heinschke',639,'theinschke8b@chicagotribune.com','348-893-5443'),(301,'Teri','Farrear',225,'tfarrear8c@accuweather.com','535-415-9061'),(302,'Lonee','Victor',203,'lvictor8d@aboutads.info','128-293-1010'),(303,'Malina','Womack',293,'mwomack8e@networksolutions.com','538-373-6400'),(304,'Arabela','Balsellie',940,'abalsellie8f@wunderground.com','404-562-3452'),(305,'Sharla','Round',383,'sround8g@nationalgeographic.com','642-799-4236'),(306,'Dita','Splaven',613,'dsplaven8h@accuweather.com','578-135-6843'),(307,'Ettie','Charley',253,'echarley8i@unicef.org','242-548-0966'),(308,'Read','Odby',313,'rodby8j@qq.com','289-765-2777'),(309,'Granny','Stilliard',87,'gstilliard8k@nationalgeographic.com','975-202-1357'),(310,'Seymour','Callard',630,'scallard8l@tamu.edu','367-362-7935'),(311,'Ann-marie','Swainger',412,'aswainger8m@i2i.jp','540-331-8253'),(312,'Farrand','Baddiley',226,'fbaddiley8n@europa.eu','966-680-7351'),(313,'Kenneth','Preene',348,'kpreene8o@pbs.org','958-174-5260'),(314,'Petrina','McGuane',256,'pmcguane8p@sbwire.com','993-867-5568'),(315,'Dilly','Skelington',776,'dskelington8q@dropbox.com','527-174-7145'),(316,'Margo','Welldrake',259,'mwelldrake8r@exblog.jp','616-439-1446'),(317,'Bethanne','Campa',840,'bcampa8s@ucoz.com','326-880-9657'),(318,'Stillman','Nano',370,'snano8t@tumblr.com','733-272-9203'),(319,'Erik','Massei',655,'emassei8u@imgur.com','334-459-1023'),(320,'Pacorro','Whittenbury',332,'pwhittenbury8v@illinois.edu','444-950-6961'),(321,'Dyane','Kingsman',273,'dkingsman8w@taobao.com','405-999-9166'),(322,'Gardner','Brighouse',672,'gbrighouse8x@independent.co.uk','105-802-8818'),(323,'Madalyn','de Castelain',902,'mdecastelain8y@cocolog-nifty.com','403-400-2226'),(324,'Lesley','Addington',664,'laddington8z@wikispaces.com','678-560-2042'),(325,'Wade','Crickmer',32,'wcrickmer90@biglobe.ne.jp','247-744-0316'),(326,'Chris','Roisen',837,'croisen91@jiathis.com','210-460-0926'),(327,'Derron','Lanfer',920,'dlanfer92@va.gov','635-879-8921'),(328,'Alica','Braga',206,'abraga93@berkeley.edu','929-434-9573'),(329,'Drucill','Burger',276,'dburger94@seesaa.net','977-576-0078'),(330,'Davida','O\'Scannill',379,'doscannill95@wikispaces.com','995-885-6970'),(331,'Travis','Urquhart',129,'turquhart96@eventbrite.com','806-381-7023'),(332,'Shane','Iddon',797,'siddon97@usgs.gov','687-541-2339'),(333,'Sharron','McDade',128,'smcdade98@springer.com','442-148-9548'),(334,'William','Strangward',980,'wstrangward99@istockphoto.com','568-836-7959'),(335,'Oren','Van der Hoeven',15,'ovanderhoeven9a@nifty.com','587-370-6303'),(336,'Gherardo','Prestidge',747,'gprestidge9b@harvard.edu','337-265-7965'),(337,'Diarmid','MacPake',803,'dmacpake9c@cnbc.com','338-800-3973'),(338,'Archambault','Boden',13,'aboden9d@com.com','955-609-1317'),(339,'Aila','Millichip',60,'amillichip9e@weather.com','242-693-6214'),(340,'Urbain','Lynch',973,'ulynch9f@usgs.gov','944-121-9348'),(341,'Goddart','Chuter',911,'gchuter9g@japanpost.jp','897-186-6109'),(342,'Sandra','Antonsson',846,'santonsson9h@ebay.com','555-249-9950'),(343,'Tabbie','Stogill',358,'tstogill9i@photobucket.com','146-214-9009'),(344,'Mathew','Ivannikov',59,'mivannikov9j@pagesperso-orange.fr','803-589-8857'),(345,'Lexis','Forster',565,'lforster9k@ask.com','474-474-2647'),(346,'Shae','Dearness',989,'sdearness9l@prweb.com','106-857-6896'),(347,'Clarisse','Kasman',264,'ckasman9m@mysql.com','207-316-6468'),(348,'Suzy','Pavlov',368,'spavlov9n@alibaba.com','309-546-0319'),(349,'Herve','Richardin',996,'hrichardin9o@dailymotion.com','823-132-7261'),(350,'Morgen','Saphir',294,'msaphir9p@deviantart.com','388-318-5193'),(351,'Jenifer','Vereker',816,'jvereker9q@tinyurl.com','717-941-0153'),(352,'Shalne','Dorsey',496,'sdorsey9r@forbes.com','975-639-2909'),(353,'Roxi','Fidock',86,'rfidock9s@about.me','412-732-6532'),(354,'Ezri','Moran',923,'emoran9t@com.com','697-245-6971'),(355,'Beltran','Langthorne',243,'blangthorne9u@yolasite.com','330-772-9981'),(356,'Emili','Genery',650,'egenery9v@mapquest.com','610-234-4331'),(357,'Maxi','Whales',3,'mwhales9w@ed.gov','869-187-0066'),(358,'Willem','Officer',526,'wofficer9x@seattletimes.com','941-584-0756'),(359,'Stavros','Le Batteur',338,'slebatteur9y@dion.ne.jp','775-935-4317'),(360,'Bendicty','Larmett',228,'blarmett9z@meetup.com','307-449-5182'),(361,'Cecile','Hessentaler',899,'chessentalera0@is.gd','470-534-3362'),(362,'Karie','Forst',235,'kforsta1@ebay.co.uk','836-494-6831'),(363,'Terry','Allery',199,'tallerya2@liveinternet.ru','453-359-3135'),(364,'Jsandye','Sprakes',933,'jsprakesa3@symantec.com','812-115-9903'),(365,'Ardisj','Petyankin',312,'apetyankina4@mozilla.com','373-178-8296'),(366,'Arnuad','Lutz',968,'alutza5@storify.com','219-882-3173'),(367,'Cayla','Meneely',941,'cmeneelya6@va.gov','328-557-6252'),(368,'Laney','Worsnop',19,'lworsnopa7@geocities.jp','704-288-0003'),(369,'Vinny','Betty',109,'vbettya8@yelp.com','646-595-8421'),(370,'Tilda','Biasioni',339,'tbiasionia9@surveymonkey.com','524-365-5571'),(371,'Alice','Korejs',831,'akorejsaa@independent.co.uk','506-130-2516'),(372,'Sabrina','Sunner',360,'ssunnerab@salon.com','745-617-6920'),(373,'Alexina','Souster',696,'asousterac@reverbnation.com','547-705-6058'),(374,'Jean','Gauch',748,'jgauchad@blogspot.com','416-686-7630'),(375,'Kerwin','Over',11,'koverae@google.nl','331-535-0690'),(376,'Nester','Milesop',985,'nmilesopaf@hubpages.com','688-994-8842'),(377,'Manny','Pollie',638,'mpollieag@smugmug.com','116-372-6663'),(378,'Fulton','Fitchett',971,'ffitchettah@ebay.com','503-694-7341'),(379,'Chick','Camelli',822,'ccamelliai@myspace.com','912-166-5210'),(380,'Arie','Finan',953,'afinanaj@samsung.com','344-489-7966'),(381,'Tedmund','Coverlyn',584,'tcoverlynak@privacy.gov.au','121-726-2639'),(382,'Reamonn','Thackwray',857,'rthackwrayal@spotify.com','896-946-6224'),(383,'Joly','Firth',618,'jfirtham@census.gov','599-552-7720'),(384,'Bowie','Gremane',811,'bgremanean@tuttocitta.it','907-148-4096'),(385,'Cull','Somerton',72,'csomertonao@cyberchimps.com','778-561-6540'),(386,'Clair','Lamke',247,'clamkeap@disqus.com','309-853-2622'),(387,'Reeba','Abelov',900,'rabelovaq@facebook.com','718-525-6626'),(388,'Carrissa','Raise',163,'craisear@mtv.com','106-710-4878'),(389,'Sauveur','Marquis',173,'smarquisas@youku.com','821-437-7007'),(390,'Marna','Cromett',571,'mcromettat@macromedia.com','240-767-6836'),(391,'Raimund','Lavallin',872,'rlavallinau@nytimes.com','451-843-7616'),(392,'Tine','Ellerbeck',373,'tellerbeckav@businessinsider.com','423-617-0280'),(393,'Bernetta','Van Schafflaer',39,'bvanschafflaeraw@dell.com','283-525-9723'),(394,'Bernarr','Foro',236,'bforoax@reverbnation.com','212-546-0167'),(395,'Cordey','Astie',924,'castieay@ovh.net','140-135-6708'),(396,'Amalle','Croneen',467,'acroneenaz@hatena.ne.jp','456-985-5062'),(397,'Tove','Chitter',77,'tchitterb0@de.vu','137-776-1966'),(398,'Sasha','Attenborrow',777,'sattenborrowb1@paypal.com','450-646-0339'),(399,'Dory','Atkinson',224,'datkinsonb2@eepurl.com','209-267-3276'),(400,'Ezekiel','Christoffe',554,'echristoffeb3@elegantthemes.com','102-773-6265'),(401,'Cindee','Foucar',320,'cfoucarb4@toplist.cz','460-913-7064'),(402,'Hedvige','Cutill',413,'hcutillb5@hhs.gov','105-694-7029'),(403,'Jocelin','Pescud',481,'jpescudb6@dailymotion.com','931-634-2183'),(404,'Marcy','Passfield',964,'mpassfieldb7@fda.gov','488-979-1378'),(405,'Liam','Handley',478,'lhandleyb8@google.fr','995-153-2091'),(406,'Dorice','Shrigley',278,'dshrigleyb9@google.ru','289-777-9373'),(407,'Drucill','Furmonger',833,'dfurmongerba@reverbnation.com','451-608-2482'),(408,'Way','Midford',434,'wmidfordbb@youtube.com','108-451-2165'),(409,'Alane','Goffe',53,'agoffebc@blog.com','364-909-9225'),(410,'Betteann','Parysowna',954,'bparysownabd@multiply.com','371-270-9726'),(411,'Pascale','Gammidge',572,'pgammidgebe@xrea.com','484-726-2840'),(412,'Elvera','Tremayne',635,'etremaynebf@yolasite.com','639-856-1121'),(413,'Gaven','Duchesne',813,'gduchesnebg@hud.gov','463-150-3383'),(414,'Esdras','Fleeman',969,'efleemanbh@homestead.com','546-477-3353'),(415,'Wallie','June',392,'wjunebi@surveymonkey.com','177-789-6473'),(416,'Rodolfo','Dilawey',405,'rdilaweybj@com.com','347-369-8660'),(417,'Helena','Theml',357,'hthemlbk@pbs.org','976-575-1373'),(418,'Tomi','Patrickson',2,'tpatricksonbl@xrea.com','826-433-6721'),(419,'Pennie','Dawe',542,'pdawebm@google.ru','317-520-5520'),(420,'Celene','Mace',699,'cmacebn@icio.us','514-636-0854'),(421,'Cyrillus','Ordidge',749,'cordidgebo@discovery.com','855-569-2375'),(422,'Dmitri','Meeron',512,'dmeeronbp@china.com.cn','612-280-5840'),(423,'Forrest','Wallman',171,'fwallmanbq@indiatimes.com','785-177-6669'),(424,'Doroteya','Emptage',715,'demptagebr@e-recht24.de','490-749-3468'),(425,'Stoddard','Tunmore',594,'stunmorebs@dion.ne.jp','515-401-1664'),(426,'Peria','Petracchi',452,'ppetracchibt@weebly.com','216-993-7665'),(427,'Kristy','Armsden',144,'karmsdenbu@hud.gov','850-302-4520'),(428,'Archibald','Shields',262,'ashieldsbv@intel.com','880-850-9695'),(429,'Roana','Boniface',274,'rbonifacebw@reddit.com','834-542-1664'),(430,'Free','Samett',683,'fsamettbx@usgs.gov','531-850-7436'),(431,'Dal','Hoys',281,'dhoysby@epa.gov','394-563-6571'),(432,'Valerye','McCollum',988,'vmccollumbz@barnesandnoble.com','495-712-8404'),(433,'Ceciley','Holde',82,'choldec0@hp.com','337-502-7865'),(434,'Arvin','Inderwick',94,'ainderwickc1@amazon.de','578-530-5053'),(435,'Reagen','Aronowicz',703,'raronowiczc2@census.gov','990-584-6957'),(436,'Vivien','Olliver',431,'volliverc3@wisc.edu','944-292-4543'),(437,'Allegra','Akess',827,'aakessc4@desdev.cn','819-899-1013'),(438,'Holden','Cave',904,'hcavec5@github.io','746-512-0261'),(439,'Lola','Clowley',574,'lclowleyc6@constantcontact.com','893-932-1023'),(440,'Prince','Effaunt',984,'peffauntc7@e-recht24.de','724-496-6505'),(441,'Ned','Madge',159,'nmadgec8@gravatar.com','744-400-6831'),(442,'Reece','Runnett',720,'rrunnettc9@ucoz.ru','812-938-1721'),(443,'Gram','Thomen',438,'gthomenca@reference.com','206-487-9460'),(444,'Rollins','Wakeman',555,'rwakemancb@mapquest.com','205-420-9316'),(445,'Shelagh','Hildred',665,'shildredcc@ezinearticles.com','723-265-5008'),(446,'Katusha','Kynge',422,'kkyngecd@artisteer.com','300-974-7135'),(447,'Vanni','Yallowley',506,'vyallowleyce@edublogs.org','753-232-8652'),(448,'Eldon','Chippendale',539,'echippendalecf@miitbeian.gov.cn','146-617-2704'),(449,'Lazarus','Mouth',355,'lmouthcg@nba.com','148-117-2453'),(450,'Wiley','Eddowis',162,'weddowisch@flickr.com','586-766-0192'),(451,'Sheri','Bloor',267,'sbloorci@hc360.com','865-518-3146'),(452,'Terry','Crossgrove',249,'tcrossgrovecj@java.com','408-539-8628'),(453,'Myrna','Dunston',728,'mdunstonck@wikia.com','815-906-8332'),(454,'Gabby','Curthoys',684,'gcurthoyscl@princeton.edu','143-809-9512'),(455,'Jerry','Adicot',492,'jadicotcm@fema.gov','932-259-9802'),(456,'Herta','Keatch',480,'hkeatchcn@si.edu','343-528-5040'),(457,'Shurlock','McGougan',493,'smcgouganco@va.gov','849-968-4073'),(458,'Molly','Todarello',623,'mtodarellocp@comsenz.com','283-182-3062'),(459,'Cass','Chaucer',677,'cchaucercq@twitter.com','873-206-9942'),(460,'Rebe','Marns',972,'rmarnscr@i2i.jp','623-462-3835'),(461,'Jenn','MacDwyer',621,'jmacdwyercs@accuweather.com','773-555-2851'),(462,'Vanna','Bachman',671,'vbachmanct@youtu.be','802-911-3715'),(463,'Tabatha','St Quenin',350,'tstquenincu@sphinn.com','811-811-6469'),(464,'Ronald','Endersby',402,'rendersbycv@abc.net.au','548-203-7585'),(465,'Bamby','Daviot',74,'bdaviotcw@ftc.gov','408-579-5562'),(466,'Loretta','Magenny',287,'lmagennycx@mapy.cz','309-330-8664'),(467,'Dorie','Antcliff',860,'dantcliffcy@cbc.ca','173-866-5248'),(468,'Debra','Tomashov',127,'dtomashovcz@seesaa.net','520-525-2246'),(469,'Hedvige','Cheshir',172,'hcheshird0@webmd.com','582-497-4925'),(470,'Dorthea','Attenburrow',942,'dattenburrowd1@list-manage.com','792-775-8968'),(471,'Ravi','Tolan',497,'rtoland2@auda.org.au','593-270-8872'),(472,'Willabella','Ferrini',686,'wferrinid3@jiathis.com','741-168-4536'),(473,'Golda','Pinchback',843,'gpinchbackd4@bloglines.com','502-201-5879'),(474,'Courtnay','Pfeifer',903,'cpfeiferd5@ovh.net','454-397-9202'),(475,'Elane','Gowthrop',919,'egowthropd6@dion.ne.jp','339-459-5313'),(476,'Simon','Roskrug',248,'sroskrugd7@newyorker.com','537-218-4003'),(477,'Clemmy','Edinborough',363,'cedinboroughd8@ameblo.jp','721-952-3797'),(478,'Clement','Emanuelov',845,'cemanuelovd9@netlog.com','605-340-3690'),(479,'Amerigo','Warhurst',265,'awarhurstda@nyu.edu','781-263-2407'),(480,'Ruby','Egentan',890,'regentandb@wired.com','166-118-7613'),(481,'Grover','Raggitt',230,'graggittdc@hubpages.com','958-821-6956'),(482,'Roma','Corssen',559,'rcorssendd@cam.ac.uk','320-240-0068'),(483,'Eric','Gearty',895,'egeartyde@ezinearticles.com','663-223-7927'),(484,'Norah','Caldero',830,'ncalderodf@yelp.com','891-707-0398'),(485,'Joellyn','Coatman',516,'jcoatmandg@epa.gov','163-990-7456'),(486,'Danie','Deboick',246,'ddeboickdh@sina.com.cn','120-302-7741'),(487,'Michaelina','Deek',826,'mdeekdi@sitemeter.com','696-699-3161'),(488,'Jedd','Kirman',967,'jkirmandj@ucsd.edu','886-958-9269'),(489,'Ilyse','Wetherell',488,'iwetherelldk@e-recht24.de','447-242-9367'),(490,'Auberta','Neller',75,'anellerdl@baidu.com','505-499-8892'),(491,'Shaylynn','Yarranton',471,'syarrantondm@t-online.de','593-304-9607'),(492,'Lanie','McGraffin',711,'lmcgraffindn@xing.com','237-967-8865'),(493,'Selma','Dunphy',865,'sdunphydo@trellian.com','341-997-8549'),(494,'Gustave','Doale',589,'gdoaledp@answers.com','811-728-5302'),(495,'Dacy','Ivashkov',537,'divashkovdq@woothemes.com','218-303-8306'),(496,'Rodger','Jentzsch',158,'rjentzschdr@prlog.org','600-904-9300'),(497,'Currie','Dockrey',755,'cdockreyds@shinystat.com','126-851-9894'),(498,'Vlad','Gerholz',847,'vgerholzdt@gnu.org','119-826-6558'),(499,'Elisha','Daine',909,'edainedu@hugedomains.com','152-767-9093'),(500,'Jenelle','Avramovic',510,'javramovicdv@telegraph.co.uk','842-406-3093'),(501,'Lindsey','Goranov',21,'lgoranovdw@oracle.com','650-552-0101'),(502,'Elaina','Valentin',100,'evalentindx@pbs.org','544-601-7855'),(503,'Brier','Wilkinson',445,'bwilkinsondy@tumblr.com','106-206-0951'),(504,'Austina','Tarney',153,'atarneydz@home.pl','343-359-8017'),(505,'Wallie','Elphinston',962,'welphinstone0@behance.net','502-717-6139'),(506,'Cybil','Mitskevich',66,'cmitskeviche1@eepurl.com','569-525-7315'),(507,'Stefania','Laba',877,'slabae2@wikia.com','868-509-6473'),(508,'Daphene','Lambrechts',713,'dlambrechtse3@exblog.jp','147-405-2113'),(509,'Rubetta','Coath',79,'rcoathe4@cloudflare.com','430-317-5387'),(510,'Richmond','Esland',861,'reslande5@fastcompany.com','406-893-8984'),(511,'Hetty','Goodwin',570,'hgoodwine6@biglobe.ne.jp','263-693-2008'),(512,'Anissa','Gierth',708,'agierthe7@alibaba.com','762-693-8563'),(513,'Erick','Niaves',856,'eniavese8@addtoany.com','380-146-9015'),(514,'Eldin','Lightbourne',315,'elightbournee9@businesswire.com','723-132-3089'),(515,'Gillie','Flinn',389,'gflinnea@aboutads.info','630-773-8097'),(516,'Elicia','Wilshire',176,'ewilshireeb@usda.gov','131-815-1798'),(517,'Mikaela','Scholtz',284,'mscholtzec@wired.com','808-666-9339'),(518,'Peirce','Golland',859,'pgollanded@vistaprint.com','419-345-3765'),(519,'Hoebart','Kintish',174,'hkintishee@springer.com','606-873-2759'),(520,'Seana','Gerrard',807,'sgerrardef@nyu.edu','135-201-1576'),(521,'Cathy','Forrestall',25,'cforrestalleg@wikipedia.org','106-310-6962'),(522,'Chip','Bradnam',675,'cbradnameh@tiny.cc','724-581-2559'),(523,'Engracia','Sofe',616,'esofeei@chicagotribune.com','238-577-6312'),(524,'Xerxes','Collaton',46,'xcollatonej@seattletimes.com','342-209-3949'),(525,'Pattie','McLewd',657,'pmclewdek@cargocollective.com','347-389-4201'),(526,'Tadio','Iacovozzo',535,'tiacovozzoel@scribd.com','919-973-6434'),(527,'Adriena','Testin',406,'atestinem@howstuffworks.com','997-226-4483'),(528,'Cody','Bentick',425,'cbenticken@dailymotion.com','779-765-1824'),(529,'Barty','Lau',732,'blaueo@reverbnation.com','422-763-4993'),(530,'Alon','Georgius',149,'ageorgiusep@nature.com','235-333-9476'),(531,'Hunter','Kubas',22,'hkubaseq@phoca.cz','138-761-1110'),(532,'Niko','Davers',7,'ndaverser@berkeley.edu','693-868-6195'),(533,'Oswald','Brislen',712,'obrislenes@goo.gl','744-377-8644'),(534,'Whitman','Crossan',335,'wcrossanet@cocolog-nifty.com','298-533-3370'),(535,'Drucill','Ratazzi',977,'dratazzieu@altervista.org','722-191-1136'),(536,'Dory','Thomasson',970,'dthomassonev@admin.ch','211-659-2740'),(537,'Aurie','Oliphand',411,'aoliphandew@mapy.cz','866-972-5765'),(538,'Candra','Basketfield',143,'cbasketfieldex@ucsd.edu','799-800-3598'),(539,'Leandra','Shawl',306,'lshawley@chicagotribune.com','221-916-6207'),(540,'Lezley','Brandsma',593,'lbrandsmaez@who.int','835-192-0096'),(541,'Leanor','Symcox',194,'lsymcoxf0@bravesites.com','482-203-6711'),(542,'Karalynn','Mewburn',220,'kmewburnf1@wisc.edu','154-204-4122'),(543,'Cinnamon','Ilyinykh',279,'cilyinykhf2@businessinsider.com','235-895-9460'),(544,'Marlowe','Loughren',457,'mloughrenf3@un.org','248-926-7400'),(545,'My','Sabbins',734,'msabbinsf4@friendfeed.com','236-555-3236'),(546,'Rancell','Pleven',316,'rplevenf5@fc2.com','470-478-3657'),(547,'Rhiamon','Woodburne',168,'rwoodburnef6@pcworld.com','198-241-6978'),(548,'Drew','Houchin',261,'dhouchinf7@tiny.cc','510-944-9608'),(549,'Jori','McCroary',374,'jmccroaryf8@hc360.com','662-460-5964'),(550,'Nestor','Augur',852,'naugurf9@netvibes.com','453-168-4888'),(551,'Sosanna','Gethings',103,'sgethingsfa@gov.uk','706-800-2883'),(552,'Clemmie','Boschmann',794,'cboschmannfb@weibo.com','417-960-3416'),(553,'Jobyna','Meredith',179,'jmeredithfc@patch.com','162-169-3412'),(554,'Gaile','MacPhail',185,'gmacphailfd@mayoclinic.com','520-642-0827'),(555,'Beryl','Hickinbottom',608,'bhickinbottomfe@over-blog.com','553-847-2657'),(556,'Reinold','Simondson',588,'rsimondsonff@spiegel.de','259-431-9492'),(557,'Puff','Hoofe',646,'phoofefg@rediff.com','215-132-4679'),(558,'Zacharia','Atmore',626,'zatmorefh@delicious.com','940-510-5693'),(559,'Arley','Rapper',532,'arapperfi@ask.com','840-427-0739'),(560,'Pietrek','Parzis',272,'pparzisfj@jigsy.com','932-502-6782'),(561,'Albert','Maidlow',33,'amaidlowfk@usda.gov','183-567-0796'),(562,'Jared','Terne',754,'jternefl@sbwire.com','285-528-3582'),(563,'Blondell','Dreini',145,'bdreinifm@weebly.com','158-296-0550'),(564,'Aili','Bembrigg',704,'abembriggfn@w3.org','527-595-1325'),(565,'Janette','Cassella',340,'jcassellafo@jugem.jp','607-530-5494'),(566,'Faustina','Peeter',124,'fpeeterfp@purevolume.com','803-458-7947'),(567,'Jonathon','Fridlington',218,'jfridlingtonfq@fema.gov','123-146-6857'),(568,'Alasdair','Orleton',314,'aorletonfr@php.net','340-500-9992'),(569,'Rancell','Dempster',892,'rdempsterfs@weebly.com','111-115-4662'),(570,'Elora','Parham',926,'eparhamft@oracle.com','714-149-6713'),(571,'Hobey','Fishbourne',404,'hfishbournefu@booking.com','893-358-8726'),(572,'Alyse','Shakespeare',760,'ashakespearefv@gov.uk','460-249-7590'),(573,'Guillermo','Ishaki',753,'gishakifw@furl.net','156-279-8335'),(574,'Elizabeth','Poyle',727,'epoylefx@earthlink.net','952-154-3578'),(575,'Marv','Floodgate',78,'mfloodgatefy@exblog.jp','809-395-7424'),(576,'Heddie','Tremblot',453,'htremblotfz@wordpress.org','750-622-5291'),(577,'Flor','Normansell',499,'fnormansellg0@geocities.com','149-140-6682'),(578,'Tilly','Scaddon',935,'tscaddong1@slashdot.org','353-917-5702'),(579,'Peggie','Butters',568,'pbuttersg2@angelfire.com','258-626-6265'),(580,'Ada','Trussman',896,'atrussmang3@wired.com','413-215-0275'),(581,'Vernice','MacNab',796,'vmacnabg4@rediff.com','640-554-7937'),(582,'Gladi','Bernardt',934,'gbernardtg5@blogger.com','736-298-1389'),(583,'Valentine','Sertin',418,'vserting6@ycombinator.com','961-759-4089'),(584,'Baldwin','Barlace',450,'bbarlaceg7@ifeng.com','398-460-6761'),(585,'Abbie','Gabrieli',798,'agabrielig8@msn.com','727-499-5943'),(586,'Hesther','Fenlon',828,'hfenlong9@intel.com','557-119-3360'),(587,'Garrek','Eggins',99,'gegginsga@blogtalkradio.com','192-213-8630'),(588,'Moselle','Zaniolini',737,'mzaniolinigb@de.vu','836-190-9783'),(589,'Gwynne','Adnam',432,'gadnamgc@msn.com','977-671-7583'),(590,'Alfred','Schade',420,'aschadegd@ucsd.edu','409-222-9255'),(591,'Rhodie','Valek',905,'rvalekge@wunderground.com','371-872-7238'),(592,'Roddy','Moar',785,'rmoargf@google.co.uk','222-442-1263'),(593,'Carmita','Philipsen',987,'cphilipsengg@apache.org','961-400-8100'),(594,'Ricardo','Trussell',429,'rtrussellgh@instagram.com','489-164-4005'),(595,'Christy','Benn',251,'cbenngi@goodreads.com','899-597-4727'),(596,'Benedicta','Woodley',886,'bwoodleygj@ehow.com','407-468-5870'),(597,'Erika','Moye',1000,'emoyegk@myspace.com','882-546-7202'),(598,'Bernard','Bydaway',254,'bbydawaygl@shutterfly.com','110-806-3276'),(599,'Florie','Jordon',396,'fjordongm@google.ca','762-901-3908'),(600,'Kerry','Fraczak',324,'kfraczakgn@accuweather.com','344-557-6134'),(601,'Bartholemy','MacWilliam',282,'bmacwilliamgo@nationalgeographic.com','570-345-2609'),(602,'Clarke','Galler',690,'cgallergp@alibaba.com','632-631-7131'),(603,'Jana','Stayte',651,'jstaytegq@is.gd','273-160-0789'),(604,'Maggi','Eason',864,'measongr@sbwire.com','834-250-3047'),(605,'Cecil','Geggus',928,'cgeggusgs@baidu.com','131-881-3889'),(606,'Boothe','Duny',523,'bdunygt@i2i.jp','151-888-1685'),(607,'Starlin','Gaitskell',446,'sgaitskellgu@examiner.com','134-397-3587'),(608,'Shandee','Betteson',193,'sbettesongv@samsung.com','329-255-3237'),(609,'Diane-marie','Inkster',14,'dinkstergw@mediafire.com','925-725-5723'),(610,'Leupold','Pinck',710,'lpinckgx@php.net','744-822-2257'),(611,'Flinn','Brome',441,'fbromegy@npr.org','901-406-0495'),(612,'Elbertine','Le Blond',502,'eleblondgz@cdbaby.com','613-218-7505'),(613,'Aron','Stutter',786,'astutterh0@angelfire.com','280-388-1699'),(614,'Buddy','Assinder',978,'bassinderh1@wisc.edu','194-267-5715'),(615,'Shandee','Macci',637,'smaccih2@imdb.com','399-155-7049'),(616,'Petra','Geibel',327,'pgeibelh3@nasa.gov','128-985-2702'),(617,'Sarina','Keme',881,'skemeh4@sphinn.com','312-868-3840'),(618,'Dodie','Farrah',329,'dfarrahh5@cbc.ca','592-918-7063'),(619,'Amalita','Jerche',207,'ajercheh6@noaa.gov','274-830-0927'),(620,'Reeva','Jumont',706,'rjumonth7@storify.com','176-122-6987'),(621,'Wilt','Bernaciak',814,'wbernaciakh8@forbes.com','135-656-3879'),(622,'Halette','Heliot',918,'hhelioth9@xrea.com','554-956-7848'),(623,'Antonia','Mattisson',698,'amattissonha@vinaora.com','997-113-5173'),(624,'Haven','Catmull',774,'hcatmullhb@xrea.com','872-315-0506'),(625,'Tildy','Fatharly',844,'tfatharlyhc@statcounter.com','846-667-1136'),(626,'Maybelle','Priditt',123,'mpriditthd@go.com','446-718-9782'),(627,'Augustine','Stollenbeck',815,'astollenbeckhe@businessweek.com','895-704-6966'),(628,'Edlin','Guterson',611,'egutersonhf@admin.ch','905-817-0148'),(629,'Ninetta','Caff',763,'ncaffhg@latimes.com','176-837-7867'),(630,'Sargent','Bestwerthick',944,'sbestwerthickhh@meetup.com','539-213-6346'),(631,'Wye','Vedeneev',536,'wvedeneevhi@qq.com','391-368-2197'),(632,'Gisella','Caberas',746,'gcaberashj@moonfruit.com','318-274-3043'),(633,'Lara','Widdows',541,'lwiddowshk@opensource.org','522-190-1880'),(634,'Cammy','Fawcitt',818,'cfawcitthl@army.mil','106-526-1572'),(635,'Jewel','Garwill',460,'jgarwillhm@reddit.com','907-255-3018'),(636,'Grissel','Rogans',270,'groganshn@samsung.com','214-259-3525'),(637,'Morty','Damp',517,'mdampho@1und1.de','446-282-3132'),(638,'Woodie','Rigler',921,'wriglerhp@cbslocal.com','783-769-9908'),(639,'Boycey','Pennell',556,'bpennellhq@cargocollective.com','351-741-9235'),(640,'Bronny','Filip',192,'bfiliphr@lulu.com','657-822-8834'),(641,'Lilly','Ruggen',817,'lruggenhs@ocn.ne.jp','607-803-7437'),(642,'Lynett','Drinkhill',549,'ldrinkhillht@zdnet.com','260-772-7162'),(643,'Wit','Jansey',416,'wjanseyhu@house.gov','296-229-6234'),(644,'Tannie','Simao',36,'tsimaohv@si.edu','992-421-5663'),(645,'Dorice','Iredale',606,'diredalehw@xinhuanet.com','660-988-6514'),(646,'Inez','Pinchen',874,'ipinchenhx@comcast.net','308-541-1544'),(647,'Natka','Scardefield',629,'nscardefieldhy@shinystat.com','749-686-2108'),(648,'Neel','Shatliffe',380,'nshatliffehz@wordpress.org','754-427-7878'),(649,'Hilary','Grestie',882,'hgrestiei0@shinystat.com','900-112-0638'),(650,'Wilone','Hayesman',388,'whayesmani1@ask.com','187-227-9136'),(651,'Chip','Seekings',780,'cseekingsi2@clickbank.net','780-530-1778'),(652,'Alonso','Cristofvao',390,'acristofvaoi3@google.fr','952-949-2243'),(653,'Owen','Di Boldi',808,'odiboldii4@de.vu','675-836-7793'),(654,'Kimmie','Ducarne',361,'kducarnei5@shutterfly.com','814-450-1648'),(655,'Alex','Escudier',436,'aescudieri6@canalblog.com','275-518-0559'),(656,'Urson','Dorbon',449,'udorboni7@google.ru','521-421-8291'),(657,'Donnie','Portwaine',676,'dportwainei8@naver.com','620-359-9008'),(658,'Henrieta','Sang',115,'hsangi9@loc.gov','256-397-4719'),(659,'Tori','Hullot',151,'thullotia@opensource.org','874-875-3955'),(660,'Justina','Lambotin',910,'jlambotinib@ovh.net','315-798-9191'),(661,'Irene','Pedgrift',111,'ipedgriftic@paypal.com','960-482-6871'),(662,'Maiga','Dacombe',6,'mdacombeid@weebly.com','832-225-3537'),(663,'Chrisse','Marcinkowski',40,'cmarcinkowskiie@nba.com','700-204-1506'),(664,'Johnathan','Geroldini',628,'jgeroldiniif@china.com.cn','367-117-6394'),(665,'Calley','Vasenin',110,'cvaseninig@goodreads.com','502-835-0210'),(666,'Kaylee','Dilliway',679,'kdilliwayih@usnews.com','177-332-0041'),(667,'Tristan','Chelam',871,'tchelamii@fema.gov','119-627-6989'),(668,'Dyan','Sherel',945,'dsherelij@1und1.de','423-651-0699'),(669,'Pammi','Doxey',758,'pdoxeyik@networkadvertising.org','785-929-7604'),(670,'Elora','Geffinger',137,'egeffingeril@nyu.edu','843-888-0005'),(671,'Nelia','Weaben',155,'nweabenim@g.co','691-630-8082'),(672,'Paulie','Lyngsted',305,'plyngstedin@surveymonkey.com','219-391-6653'),(673,'Willabella','Delete',291,'wdeleteio@usgs.gov','136-704-3504'),(674,'Anastasie','Marre',474,'amarreip@craigslist.org','853-155-1767'),(675,'Hamilton','Dunster',721,'hdunsteriq@cafepress.com','549-807-2136'),(676,'Leonard','Lillywhite',34,'llillywhiteir@weather.com','742-541-3395'),(677,'Zaneta','Roll',260,'zrollis@hc360.com','842-546-8591'),(678,'Fritz','Skip',743,'fskipit@bbc.co.uk','633-585-9287'),(679,'Duffie','Pagon',57,'dpagoniu@webs.com','801-563-1264'),(680,'Filip','Lesmonde',331,'flesmondeiv@yahoo.co.jp','698-116-3810'),(681,'Silvana','MacCrachen',705,'smaccracheniw@omniture.com','766-420-4897'),(682,'Chuck','Stukings',28,'cstukingsix@dmoz.org','241-410-3764'),(683,'Brit','Rudge',216,'brudgeiy@mail.ru','770-498-5604'),(684,'Renell','Downton',491,'rdowntoniz@is.gd','953-873-5490'),(685,'Baron','Switsur',560,'bswitsurj0@infoseek.co.jp','481-804-0677'),(686,'Elton','Clyne',598,'eclynej1@mashable.com','774-446-4796'),(687,'Nerissa','Cleghorn',475,'ncleghornj2@shareasale.com','776-101-0377'),(688,'Nola','Filip',466,'nfilipj3@about.com','130-445-1969'),(689,'Onida','Abby',150,'oabbyj4@desdev.cn','632-124-1231'),(690,'Pascale','Jailler',296,'pjaillerj5@accuweather.com','511-565-8444'),(691,'Lorianna','Spottswood',9,'lspottswoodj6@disqus.com','619-834-6001'),(692,'Llywellyn','D\'Ambrosi',960,'ldambrosij7@vk.com','737-286-0941'),(693,'Georg','Robichon',189,'grobichonj8@goodreads.com','286-166-8734'),(694,'Ailsun','Stains',854,'astainsj9@scientificamerican.com','692-730-8057'),(695,'Dimitry','Simpson',233,'dsimpsonja@wikipedia.org','486-594-2606'),(696,'Moina','Leander',204,'mleanderjb@statcounter.com','202-598-3414'),(697,'Madge','De Vile',333,'mdevilejc@goo.gl','380-811-2393'),(698,'Kayne','Soigne',458,'ksoignejd@harvard.edu','410-907-5001'),(699,'Ladonna','Coggings',375,'lcoggingsje@webs.com','401-832-6455'),(700,'Lawry','Braundt',766,'lbraundtjf@angelfire.com','786-560-2033'),(701,'Myrvyn','Staniland',603,'mstanilandjg@behance.net','609-584-2236'),(702,'Maddy','Search',64,'msearchjh@smh.com.au','953-150-3464'),(703,'Abner','Perocci',806,'aperocciji@drupal.org','498-863-4958'),(704,'Cleo','Stidson',709,'cstidsonjj@barnesandnoble.com','664-429-1389'),(705,'Elsbeth','Ianitti',451,'eianittijk@wunderground.com','792-920-8815'),(706,'Ruthy','Calafate',223,'rcalafatejl@addtoany.com','454-435-0344'),(707,'Evelyn','Northam',578,'enorthamjm@bizjournals.com','681-333-4480'),(708,'Sissie','Jantot',495,'sjantotjn@vkontakte.ru','136-273-9443'),(709,'Elicia','Limpkin',138,'elimpkinjo@360.cn','824-185-9830'),(710,'Ami','Franc',487,'afrancjp@shareasale.com','548-154-7107'),(711,'Faunie','Pignon',841,'fpignonjq@deviantart.com','446-391-9241'),(712,'Bruce','Badam',302,'bbadamjr@craigslist.org','176-330-1499'),(713,'Sergent','Heeks',876,'sheeksjs@constantcontact.com','164-736-1687'),(714,'Amabelle','Westbrook',30,'awestbrookjt@technorati.com','366-585-2563'),(715,'Martina','Siemandl',114,'msiemandlju@fema.gov','655-547-3761'),(716,'Kriste','Hasson',365,'khassonjv@jugem.jp','437-641-9060'),(717,'Ettie','Hollebon',548,'ehollebonjw@alibaba.com','983-106-2986'),(718,'Prudi','Artindale',908,'partindalejx@hc360.com','484-335-8136'),(719,'Danya','McCrisken',939,'dmccriskenjy@dailymail.co.uk','298-894-3766'),(720,'Isidora','Jozsika',800,'ijozsikajz@marriott.com','154-831-3083'),(721,'Conrade','Angeau',27,'cangeauk0@facebook.com','306-928-6088'),(722,'Wallace','Hanley',309,'whanleyk1@amazon.de','823-335-6135'),(723,'Akim','Chasteney',43,'achasteneyk2@odnoklassniki.ru','167-584-2817'),(724,'Cross','De Giorgio',275,'cdegiorgiok3@blogger.com','898-366-5208'),(725,'Liz','Maitland',645,'lmaitlandk4@jigsy.com','407-570-2992'),(726,'Ali','Lightowlers',659,'alightowlersk5@barnesandnoble.com','195-953-4806'),(727,'Tildi','Sutter',371,'tsutterk6@google.fr','951-176-8210'),(728,'Rowena','Sowthcote',653,'rsowthcotek7@bizjournals.com','523-608-5676'),(729,'Correy','Reggler',8,'cregglerk8@buzzfeed.com','489-628-2558'),(730,'Anabal','Olivas',756,'aolivask9@slashdot.org','363-383-4405'),(731,'Joline','Bampford',182,'jbampfordka@howstuffworks.com','282-249-5339'),(732,'Luca','Silverstone',855,'lsilverstonekb@rediff.com','779-458-0423'),(733,'Augusto','Stiell',567,'astiellkc@nydailynews.com','361-723-9232'),(734,'Riobard','Tulk',266,'rtulkkd@forbes.com','329-141-3987'),(735,'Kane','Clunan',993,'kclunanke@senate.gov','539-916-7781'),(736,'Cyrillus','Philippou',524,'cphilippoukf@state.gov','256-993-3370'),(737,'Brnaby','Wellan',29,'bwellankg@java.com','834-374-2028'),(738,'Leoline','Ambrogiotti',343,'lambrogiottikh@huffingtonpost.com','951-541-8377'),(739,'Quinton','Knappe',131,'qknappeki@dell.com','280-930-1030'),(740,'Silva','Grievson',195,'sgrievsonkj@ameblo.jp','658-949-8429'),(741,'Tris','Parfett',382,'tparfettkk@miibeian.gov.cn','211-113-0427'),(742,'Abbie','Leverington',464,'aleveringtonkl@wordpress.com','535-178-6539'),(743,'Joni','Gillie',656,'jgilliekm@virginia.edu','498-189-6223'),(744,'Ahmed','Culwen',426,'aculwenkn@reference.com','592-446-0846'),(745,'Sander','Broxholme',663,'sbroxholmeko@altervista.org','830-534-8031'),(746,'Sharline','Ioselevich',718,'sioselevichkp@adobe.com','761-227-8769'),(747,'Chantalle','Seiler',914,'cseilerkq@ted.com','586-647-7629'),(748,'Jerrome','Drewell',889,'jdrewellkr@alexa.com','124-139-6605'),(749,'Ruy','Bliben',750,'rblibenks@oracle.com','298-421-5378'),(750,'Herby','Kohrs',823,'hkohrskt@sphinn.com','789-209-0331'),(751,'Dore','Goggins',212,'dgogginsku@abc.net.au','254-810-4642'),(752,'Meta','Gyford',561,'mgyfordkv@spotify.com','554-893-2967'),(753,'Merrielle','Pesticcio',97,'mpesticciokw@purevolume.com','679-308-8254'),(754,'Cecil','Hutcheon',689,'chutcheonkx@opera.com','859-926-9726'),(755,'Kendrick','Jedrachowicz',791,'kjedrachowiczky@networksolutions.com','520-790-3156'),(756,'Gardy','Bounde',981,'gboundekz@umn.edu','109-918-2853'),(757,'Xever','Marchant',868,'xmarchantl0@pcworld.com','180-631-9169'),(758,'Kalli','Shubotham',323,'kshubothaml1@tuttocitta.it','178-712-6227'),(759,'Spenser','Poulgreen',288,'spoulgreenl2@washington.edu','997-791-3249'),(760,'Tobe','Lorant',439,'tlorantl3@timesonline.co.uk','899-673-9170'),(761,'Cassey','Logg',311,'cloggl4@fc2.com','783-217-1023'),(762,'Georges','Gurney',503,'ggurneyl5@disqus.com','425-459-8571'),(763,'Neila','Metschke',832,'nmetschkel6@hao123.com','857-707-5724'),(764,'Quinn','Luesley',669,'qluesleyl7@usda.gov','728-364-6834'),(765,'Ludovika','Berrill',781,'lberrilll8@usnews.com','903-866-7174'),(766,'Merill','Poynzer',409,'mpoynzerl9@ocn.ne.jp','108-520-6579'),(767,'Bond','Espinazo',619,'bespinazola@tamu.edu','633-821-0791'),(768,'Trenton','Van den Dael',268,'tvandendaellb@hao123.com','142-313-3129'),(769,'Glori','Speer',353,'gspeerlc@weibo.com','530-369-0344'),(770,'Darcy','Domenicone',842,'ddomeniconeld@chicagotribune.com','208-419-7512'),(771,'Roxana','Mosen',762,'rmosenle@npr.org','759-155-0442'),(772,'Dolores','Moultrie',442,'dmoultrielf@reverbnation.com','835-636-0956'),(773,'Abie','Diperaus',473,'adiperauslg@icq.com','516-106-7338'),(774,'Eadmund','Wanne',489,'ewannelh@dyndns.org','661-667-4528'),(775,'Belicia','Quennell',965,'bquennellli@nhs.uk','947-334-0547'),(776,'Mag','Pinsent',317,'mpinsentlj@dyndns.org','799-138-6371'),(777,'Sissy','Jaffra',106,'sjaffralk@blinklist.com','914-326-0689'),(778,'Jacky','Dwelly',867,'jdwellyll@howstuffworks.com','791-531-4577'),(779,'Jacquelin','McRobb',592,'jmcrobblm@ucsd.edu','650-101-5601'),(780,'Matteo','Wheatcroft',501,'mwheatcroftln@dailymail.co.uk','776-166-1871'),(781,'Karlis','Placidi',133,'kplacidilo@wikimedia.org','141-322-0347'),(782,'Christel','Lawlings',769,'clawlingslp@about.com','754-147-5434'),(783,'Lisabeth','Milward',736,'lmilwardlq@feedburner.com','395-258-4285'),(784,'Brigitta','O\'Hannigan',617,'bohanniganlr@topsy.com','987-775-5765'),(785,'Magdalen','Guess',407,'mguessls@intel.com','345-756-9572'),(786,'Terrance','Alasdair',152,'talasdairlt@newsvine.com','988-811-4213'),(787,'Ashlen','Sirrell',642,'asirrelllu@com.com','115-616-1078'),(788,'Mirella','Custard',697,'mcustardlv@youku.com','451-197-4509'),(789,'Maggy','Normavell',486,'mnormavelllw@rakuten.co.jp','524-444-6123'),(790,'Melisandra','Gronowe',148,'mgronowelx@devhub.com','905-397-0011'),(791,'Alphonso','Ingman',553,'aingmanly@com.com','933-669-5800'),(792,'Marla','Kilduff',239,'mkildufflz@businessweek.com','307-123-4007'),(793,'Katee','Winsley',787,'kwinsleym0@people.com.cn','997-232-9886'),(794,'Nick','Chason',31,'nchasonm1@comsenz.com','616-294-3540'),(795,'Rocky','Kenwin',545,'rkenwinm2@angelfire.com','622-601-1735'),(796,'Nico','Farnworth',821,'nfarnworthm3@yelp.com','533-758-5030'),(797,'Roosevelt','Ummfrey',702,'rummfreym4@multiply.com','649-468-8538'),(798,'Riane','Merrill',622,'rmerrillm5@slideshare.net','478-914-7692'),(799,'Friederike','Scripture',700,'fscripturem6@xing.com','392-811-5454'),(800,'Gloriana','Deaville',161,'gdeavillem7@jimdo.com','552-520-8126'),(801,'Carrie','Geggus',337,'cgeggusm8@nps.gov','324-733-8235'),(802,'Noemi','Gudyer',577,'ngudyerm9@homestead.com','385-637-4945'),(803,'Greta','Looby',386,'gloobyma@creativecommons.org','916-974-6386'),(804,'Blanca','Longbone',894,'blongbonemb@yolasite.com','405-970-1179'),(805,'Danny','Chessil',946,'dchessilmc@nps.gov','609-587-9143'),(806,'Vergil','Hulbert',403,'vhulbertmd@chronoengine.com','319-446-9517'),(807,'Joelynn','Gitting',334,'jgittingme@tiny.cc','760-889-8634'),(808,'Daren','Dawidowitz',966,'ddawidowitzmf@sakura.ne.jp','859-651-4102'),(809,'Kleon','Gauche',509,'kgauchemg@google.ca','883-178-7604'),(810,'Tabbi','Isley',930,'tisleymh@weebly.com','711-658-0911'),(811,'Sansone','Chapleo',943,'schapleomi@cnn.com','335-257-2372'),(812,'Silvano','Castellino',175,'scastellinomj@slate.com','604-821-4364'),(813,'Mitzi','Korneev',759,'mkorneevmk@foxnews.com','134-498-9866'),(814,'Mercy','Corona',58,'mcoronaml@plala.or.jp','621-511-3023'),(815,'Izzy','Auger',38,'iaugermm@sitemeter.com','100-709-2268'),(816,'Tansy','Elsy',48,'telsymn@spiegel.de','336-774-3959'),(817,'Gardener','Roskelly',95,'groskellymo@uol.com.br','420-615-0999'),(818,'Fredericka','Muckley',156,'fmuckleymp@blinklist.com','273-938-8898'),(819,'Barnie','Endacott',419,'bendacottmq@who.int','130-997-8080'),(820,'Garry','Tonbye',825,'gtonbyemr@addthis.com','257-153-4226'),(821,'Peggi','Le Estut',764,'pleestutms@cmu.edu','251-119-3635'),(822,'Rochester','Coggings',999,'rcoggingsmt@list-manage.com','554-661-3516'),(823,'Hinda','Vogelein',459,'hvogeleinmu@simplemachines.org','733-612-4133'),(824,'Francklin','Romao',469,'fromaomv@alexa.com','772-881-9962'),(825,'Gerrilee','Putley',476,'gputleymw@nationalgeographic.com','882-424-9700'),(826,'Emmerich','Beisley',454,'ebeisleymx@nba.com','510-489-8360'),(827,'Gerrard','Maletratt',620,'gmaletrattmy@blinklist.com','975-904-5664'),(828,'Valli','Hucquart',96,'vhucquartmz@moonfruit.com','724-173-7950'),(829,'Lottie','Schmidt',772,'lschmidtn0@123-reg.co.uk','490-318-1560'),(830,'Hermon','Iannetti',959,'hiannettin1@slideshare.net','249-714-8103'),(831,'Talya','Drew-Clifton',801,'tdrewcliftonn2@spiegel.de','252-981-9015'),(832,'Trescha','Nucator',995,'tnucatorn3@columbia.edu','590-967-8424'),(833,'Craggie','Schohier',232,'cschohiern4@soup.io','800-545-7203'),(834,'Broddy','Chatten',154,'bchattenn5@narod.ru','780-852-6431'),(835,'Stephani','Garfoot',614,'sgarfootn6@hatena.ne.jp','363-504-2534'),(836,'Torrey','Frame',937,'tframen7@ucsd.edu','282-370-3561'),(837,'Keslie','Kittley',377,'kkittleyn8@ed.gov','204-890-8621'),(838,'Matthiew','Berrisford',349,'mberrisfordn9@chron.com','768-524-2411'),(839,'Christean','Musto',5,'cmustona@list-manage.com','669-614-5898'),(840,'Teddie','Roubert',681,'troubertnb@posterous.com','443-818-1443'),(841,'Hedda','Barsam',139,'hbarsamnc@hao123.com','812-975-9689'),(842,'Ram','De Lisle',851,'rdelislend@omniture.com','260-422-5340'),(843,'Mill','Tollmache',602,'mtollmachene@census.gov','724-542-9739'),(844,'Madella','Buckleigh',729,'mbuckleighnf@abc.net.au','940-528-0686'),(845,'Cleopatra','Blackshaw',366,'cblackshawng@youku.com','654-828-0588'),(846,'Wilburt','Kildahl',731,'wkildahlnh@noaa.gov','750-586-2063'),(847,'Stacee','Owbridge',227,'sowbridgeni@discuz.net','774-826-8989'),(848,'Charlene','Scorer',17,'cscorernj@webs.com','395-208-0693'),(849,'Rustin','Bortolozzi',321,'rbortolozzink@sun.com','890-435-8064'),(850,'Claribel','McNea',164,'cmcneanl@sfgate.com','940-227-0955'),(851,'Tasha','Kilrow',678,'tkilrownm@unc.edu','195-799-6380'),(852,'Justin','Bonnett',667,'jbonnettnn@blog.com','643-690-0070'),(853,'Miran','Meindl',722,'mmeindlno@gov.uk','450-684-3414'),(854,'Tilda','Antwis',511,'tantwisnp@ibm.com','408-749-3442'),(855,'Monica','Johananov',579,'mjohananovnq@bbb.org','185-748-4575'),(856,'Joelie','McAvinchey',533,'jmcavincheynr@hao123.com','631-838-5484'),(857,'Guntar','Bake',955,'gbakens@oaic.gov.au','246-332-2513'),(858,'Lacy','Seeks',768,'lseeksnt@symantec.com','631-686-1747'),(859,'Blinni','Gainsboro',778,'bgainsboronu@cmu.edu','734-307-6564'),(860,'Shelley','Gylle',643,'sgyllenv@ehow.com','737-525-0124'),(861,'Farlie','Purvess',829,'fpurvessnw@histats.com','918-669-4963'),(862,'Westleigh','Stegell',376,'wstegellnx@sourceforge.net','452-161-2752'),(863,'Tami','Croome',898,'tcroomeny@t-online.de','224-573-5440'),(864,'Randene','Beamand',326,'rbeamandnz@joomla.org','615-805-5508'),(865,'Benito','Lehenmann',88,'blehenmanno0@reddit.com','622-128-1043'),(866,'Townsend','Skelington',147,'tskelingtono1@about.me','335-214-7097'),(867,'Alfons','Austick',303,'aausticko2@yelp.com','654-212-5421'),(868,'Adella','Whittam',591,'awhittamo3@fc2.com','846-791-4448'),(869,'Shandee','Ferrieri',217,'sferrierio4@blog.com','288-293-7388'),(870,'Ryan','Russilll',692,'rrussilllo5@accuweather.com','588-627-8551'),(871,'Lauryn','Andrasch',479,'landrascho6@icio.us','240-230-3557'),(872,'Cassius','Jerram',52,'cjerramo7@sfgate.com','618-639-9506'),(873,'Marj','McNeil',765,'mmcneilo8@soundcloud.com','697-380-0118'),(874,'Emmett','Artingstall',319,'eartingstallo9@ehow.com','928-729-5983'),(875,'Jeremy','Crecy',891,'jcrecyoa@wsj.com','348-214-8140'),(876,'Jared','Mallabone',982,'jmallaboneob@foxnews.com','730-944-0785'),(877,'Rocky','Haugeh',93,'rhaugehoc@amazon.de','195-731-7990'),(878,'Nevin','Gatward',196,'ngatwardod@dropbox.com','405-666-5138'),(879,'Thurston','Winson',866,'twinsonoe@quantcast.com','994-852-5599'),(880,'Clementia','Fitchet',799,'cfitchetof@miibeian.gov.cn','692-957-2031'),(881,'Millisent','Jobern',850,'mjobernog@dagondesign.com','148-921-0854'),(882,'Owen','Scannell',215,'oscannelloh@issuu.com','848-304-6653'),(883,'Coral','Happs',121,'chappsoi@themeforest.net','130-650-5971'),(884,'Larine','Szwarc',631,'lszwarcoj@csmonitor.com','712-340-8452'),(885,'Lyle','Magson',893,'lmagsonok@washingtonpost.com','436-310-8666'),(886,'Andree','Beecker',12,'abeeckerol@cornell.edu','217-842-2909'),(887,'Dawna','Jedrychowski',346,'djedrychowskiom@ft.com','459-601-7815'),(888,'Debora','Sumers',682,'dsumerson@yahoo.co.jp','151-674-9551'),(889,'Alys','Fallens',742,'afallensoo@reuters.com','819-310-9571'),(890,'Mureil','Lagadu',166,'mlagaduop@jalbum.net','729-533-6947'),(891,'Udell','Mattioli',351,'umattiolioq@tamu.edu','528-429-7959'),(892,'Kym','Klejna',546,'kklejnaor@drupal.org','294-281-9078'),(893,'Esmeralda','Brisland',45,'ebrislandos@symantec.com','932-653-2240'),(894,'Gustave','Gibling',986,'ggiblingot@cam.ac.uk','997-543-1289'),(895,'Spenser','Trulocke',580,'strulockeou@howstuffworks.com','919-668-1456'),(896,'Roderigo','Crowley',994,'rcrowleyov@stanford.edu','804-163-5883'),(897,'Moyra','Olivari',142,'molivariow@w3.org','468-755-5337'),(898,'Pepe','Arboine',707,'parboineox@psu.edu','803-781-9811'),(899,'Lauryn','Ciotto',779,'lciottooy@mlb.com','923-566-1616'),(900,'Aili','Duxbury',654,'aduxburyoz@amazon.de','266-567-2877'),(901,'Violetta','Booley',557,'vbooleyp0@delicious.com','422-145-5206'),(902,'Godart','Utley',693,'gutleyp1@yellowbook.com','740-868-0960'),(903,'Kristy','Zanuciolii',634,'kzanucioliip2@rambler.ru','216-925-0761'),(904,'Wynn','Coundley',875,'wcoundleyp3@cloudflare.com','858-514-0707'),(905,'Genia','Bury',869,'gburyp4@msu.edu','875-104-7057'),(906,'Kissee','Everex',184,'keverexp5@wisc.edu','779-668-9871'),(907,'Min','Rossin',443,'mrossinp6@mlb.com','836-395-4940'),(908,'Trudey','Ambrosoni',41,'tambrosonip7@archive.org','423-846-7821'),(909,'Vita','Denes',925,'vdenesp8@simplemachines.org','112-666-9163'),(910,'Owen','Tearle',668,'otearlep9@parallels.com','797-574-4958'),(911,'Illa','Morcombe',552,'imorcombepa@washingtonpost.com','544-432-1317'),(912,'Julia','Gianotti',931,'jgianottipb@umich.edu','981-318-8730'),(913,'Willie','Arrundale',587,'warrundalepc@parallels.com','749-326-8806'),(914,'Cammy','Neilson',188,'cneilsonpd@europa.eu','195-558-5130'),(915,'Dwayne','Dows',385,'ddowspe@noaa.gov','124-653-7782'),(916,'Drusy','Mazillius',956,'dmazilliuspf@businessinsider.com','724-345-1691'),(917,'Babs','Bonnier',26,'bbonnierpg@youtube.com','700-698-8101'),(918,'Arney','Clowney',605,'aclowneyph@usa.gov','433-461-9641'),(919,'Rockey','Crispe',752,'rcrispepi@alexa.com','140-494-9519'),(920,'Killie','Cockell',285,'kcockellpj@cornell.edu','233-758-2940'),(921,'Orel','Latus',632,'olatuspk@instagram.com','822-908-3388'),(922,'Jorgan','Quarterman',566,'jquartermanpl@un.org','447-266-2133'),(923,'Lyman','Aartsen',421,'laartsenpm@fema.gov','793-535-4648'),(924,'Quinta','Queen',701,'qqueenpn@dmoz.org','438-576-7173'),(925,'Christen','Gooly',809,'cgoolypo@bandcamp.com','933-164-3810'),(926,'Shae','Worley',104,'sworleypp@tripadvisor.com','307-349-9244'),(927,'Wendell','MacKaig',716,'wmackaigpq@google.ru','192-797-5182'),(928,'Don','Pochin',202,'dpochinpr@yale.edu','651-353-9562'),(929,'Wallis','Woodburne',290,'wwoodburneps@cnn.com','626-997-9729'),(930,'Bobby','Rewcastle',238,'brewcastlept@squarespace.com','881-156-8565'),(931,'Beret','Perris',399,'bperrispu@dyndns.org','824-348-5151'),(932,'Lucy','Shimmin',210,'lshimminpv@cnet.com','918-201-4812'),(933,'Thornton','Staines',885,'tstainespw@kickstarter.com','266-808-6903'),(934,'Keefer','Hammonds',726,'khammondspx@bloglovin.com','534-147-4388'),(935,'Laraine','Cunniff',770,'lcunniffpy@indiegogo.com','977-873-8025'),(936,'Jodie','Kopfen',209,'jkopfenpz@unicef.org','206-800-0641'),(937,'Lettie','Hesey',177,'lheseyq0@oaic.gov.au','577-425-5881'),(938,'Hilarius','Wilfinger',336,'hwilfingerq1@ovh.net','973-919-4875'),(939,'Kerrie','Larciere',61,'klarciereq2@opera.com','311-260-7958'),(940,'Coriss','Verdun',180,'cverdunq3@cdc.gov','331-774-0860'),(941,'Kelley','Wittey',947,'kwitteyq4@smh.com.au','575-545-8839'),(942,'Rickie','Batters',242,'rbattersq5@wiley.com','768-204-2916'),(943,'Gothart','Hurley',505,'ghurleyq6@senate.gov','366-930-7176'),(944,'Rica','MacArte',674,'rmacarteq7@unicef.org','875-724-8078'),(945,'Melisenda','Malec',146,'mmalecq8@mail.ru','811-805-9755'),(946,'Rolfe','Roxburgh',573,'rroxburghq9@psu.edu','668-502-1871'),(947,'Pierre','O\'Dogherty',183,'podoghertyqa@sun.com','675-495-3843'),(948,'Aluino','Treker',372,'atrekerqb@wunderground.com','177-824-1793'),(949,'Creight','Brockett',23,'cbrockettqc@dailymotion.com','121-204-5627'),(950,'Nanni','Oldfield',500,'noldfieldqd@cisco.com','983-795-9088'),(951,'Bennett','Yakhin',76,'byakhinqe@oakley.com','851-616-7532'),(952,'Flinn','Pilch',448,'fpilchqf@dmoz.org','429-297-7017'),(953,'Thaine','Littlechild',354,'tlittlechildqg@sciencedirect.com','468-513-9852'),(954,'Lonni','Morfield',298,'lmorfieldqh@columbia.edu','187-722-5234'),(955,'Dacey','Loade',435,'dloadeqi@myspace.com','258-554-6825'),(956,'Chalmers','Milkeham',508,'cmilkehamqj@ehow.com','171-447-5043'),(957,'Ignacius','Austen',395,'iaustenqk@studiopress.com','194-281-8037'),(958,'Magdalen','Standen',112,'mstandenql@domainmarket.com','446-512-1481'),(959,'Alexander','Tortoise',883,'atortoiseqm@skype.com','968-247-9635'),(960,'Agretha','Carbett',858,'acarbettqn@psu.edu','655-989-2457'),(961,'Petunia','Blenkharn',525,'pblenkharnqo@google.com.au','637-545-7133'),(962,'Isabella','Creer',81,'icreerqp@seesaa.net','132-173-4138'),(963,'Luce','Jeroch',530,'ljerochqq@51.la','345-444-3372'),(964,'Cobb','Buggs',739,'cbuggsqr@forbes.com','608-961-6972'),(965,'Sukey','Cartledge',190,'scartledgeqs@skyrock.com','367-778-5987'),(966,'Marielle','Kettle',300,'mkettleqt@deliciousdays.com','956-437-3096'),(967,'Danika','Forsbey',430,'dforsbeyqu@princeton.edu','442-511-7280'),(968,'Antonia','Larchier',849,'alarchierqv@weebly.com','226-681-9618'),(969,'Christen','Blasl',836,'cblaslqw@cocolog-nifty.com','992-571-9596'),(970,'Winonah','Dowsett',819,'wdowsettqx@ca.gov','901-911-7761'),(971,'Adi','Allwell',782,'aallwellqy@booking.com','608-627-3584'),(972,'Arne','Denson',949,'adensonqz@shinystat.com','101-553-4681'),(973,'Frederique','Lusgdin',544,'flusgdinr0@apache.org','703-808-7329'),(974,'Grange','Bettridge',310,'gbettridger1@fema.gov','618-319-7108'),(975,'Bondie','Feely',997,'bfeelyr2@dailymail.co.uk','639-105-4142'),(976,'Garvey','Rosander',932,'grosanderr3@intel.com','623-935-7190'),(977,'Averil','Goalley',907,'agoalleyr4@comcast.net','506-537-3870'),(978,'Kristos','McUre',834,'kmcurer5@telegraph.co.uk','836-910-4426'),(979,'Skell','Lowing',870,'slowingr6@goo.gl','105-866-6730'),(980,'Lindsay','Charke',105,'lcharker7@prnewswire.com','287-465-9147'),(981,'Maire','Senton',992,'msentonr8@wunderground.com','528-415-1435'),(982,'Katie','Raun',531,'kraunr9@businessinsider.com','254-575-7481'),(983,'Darya','Ribbens',906,'dribbensra@seattletimes.com','652-906-4237'),(984,'Ruddie','Graver',304,'rgraverrb@cnet.com','607-585-5268'),(985,'Andromache','Janos',612,'ajanosrc@adobe.com','755-678-1954'),(986,'Caspar','Vannoort',201,'cvannoortrd@jimdo.com','183-261-0064'),(987,'Kynthia','Mellody',788,'kmellodyre@hibu.com','126-453-9627'),(988,'Isabel','Sparkwill',410,'isparkwillrf@a8.net','184-560-7846'),(989,'Denyse','Kondratyuk',322,'dkondratyukrg@scribd.com','784-906-5924'),(990,'Dimitri','Aleswell',948,'daleswellrh@nationalgeographic.com','767-100-2958'),(991,'Whitney','Feronet',963,'wferonetri@ft.com','414-375-6183'),(992,'Jocelin','Eldritt',662,'jeldrittrj@wisc.edu','770-943-8429'),(993,'Hesther','Tander',498,'htanderrk@telegraph.co.uk','741-713-2222'),(994,'Toddie','Tremain',221,'ttremainrl@fc2.com','116-996-5898'),(995,'Bamby','Trytsman',922,'btrytsmanrm@cpanel.net','384-616-3048'),(996,'Sigmund','Wimp',853,'swimprn@hp.com','877-134-8372'),(997,'Elianora','Assur',649,'eassurro@irs.gov','714-683-3278'),(998,'Paige','Keys',518,'pkeysrp@hud.gov','989-354-3541'),(999,'Anne-corinne','Baigent',277,'abaigentrq@w3.org','284-489-5660'),(1000,'Ilysa','Brettell',1,'ibrettellrr@stumbleupon.com','440-444-7427');
/*!40000 ALTER TABLE `customer` ENABLE KEYS */;
UNLOCK TABLES;

--
-- Table structure for table `inventory`
--

DROP TABLE IF EXISTS `inventory`;
/*!40101 SET @saved_cs_client     = @@character_set_client */;
/*!40101 SET character_set_client = utf8 */;
CREATE TABLE `inventory` (
  `inventory_id` bigint(20) NOT NULL AUTO_INCREMENT,
  `warehouse_id` bigint(20) NOT NULL,
  `product_id` bigint(20) NOT NULL,
  `quantity_on_hand` int(11) NOT NULL DEFAULT 0,
  PRIMARY KEY (`inventory_id`),
  KEY `inventory_FK` (`warehouse_id`),
  KEY `inventory_FK_1` (`product_id`),
  CONSTRAINT `inventory_FK` FOREIGN KEY (`warehouse_id`) REFERENCES `warehouse` (`warehouse_id`),
  CONSTRAINT `inventory_FK_1` FOREIGN KEY (`product_id`) REFERENCES `product` (`product_id`)
) ENGINE=InnoDB AUTO_INCREMENT=290 DEFAULT CHARSET=utf8;
/*!40101 SET character_set_client = @saved_cs_client */;

--
-- Dumping data for table `inventory`
--

LOCK TABLES `inventory` WRITE;
/*!40000 ALTER TABLE `inventory` DISABLE KEYS */;
INSERT INTO `inventory` VALUES (1,1,1,77361),(2,1,2,86932),(3,1,3,79965),(4,1,4,60135),(5,1,5,95076),(6,1,6,19118),(7,1,7,165142),(8,1,8,162624),(9,1,9,88849),(10,1,10,110987),(11,1,12,133090),(12,1,13,128665),(13,1,14,72333),(14,1,15,43496),(15,1,16,164943),(16,1,17,42204),(17,1,18,120309),(18,1,20,19295),(19,1,21,81107),(20,1,22,65810),(21,1,23,64400),(22,1,24,101788),(23,1,25,146234),(24,1,26,36171),(25,1,27,193793),(26,1,28,225376),(27,1,29,224763),(28,1,30,33135),(29,1,31,87323),(30,1,32,4852),(31,1,33,34181),(32,1,34,115008),(33,1,35,132935),(34,1,36,114373),(35,1,37,58681),(36,1,38,26501),(37,1,39,103137),(38,1,40,88138),(39,1,41,6173),(40,1,42,26138),(41,1,44,117533),(42,1,45,102224),(43,1,46,111264),(44,1,47,77820),(45,1,48,50933),(46,1,49,21070),(47,1,50,105610),(48,1,51,91217),(49,1,52,70563),(50,1,53,76172),(51,1,54,44069),(52,1,55,130725),(53,1,56,35727),(54,1,57,125590),(55,1,58,129369),(56,1,59,59072),(57,1,60,76162),(58,1,61,105241),(59,1,62,149258),(60,1,63,133240),(61,1,64,21130),(62,1,65,148447),(63,1,66,17009),(64,1,67,80548),(65,1,68,135715),(66,1,69,173),(67,1,70,36877),(68,1,71,99784),(69,1,72,135467),(70,1,73,126196),(71,1,74,101546),(72,1,76,140571),(73,1,77,33165),(74,1,78,26010),(75,1,79,28208),(76,1,80,69975),(77,1,81,50174),(78,1,82,78096),(79,1,83,5237),(80,1,84,48147),(81,1,85,97189),(82,1,87,90933),(83,1,88,27784),(84,1,89,10339),(85,1,90,99739),(86,1,91,95312),(87,1,92,116553),(88,1,93,125319),(89,1,94,2687),(90,1,95,96461),(91,1,97,122208),(92,1,98,48040),(93,1,99,77191),(94,1,100,139762),(95,1,101,59110),(96,2,1,72550),(97,2,2,98128),(98,2,3,19203),(99,2,4,68923),(100,2,5,21781),(101,2,6,53586),(102,2,7,137109),(103,2,8,126694),(104,2,9,5681),(105,2,10,59636),(106,2,11,80497),(107,2,12,102052),(108,2,13,127033),(109,2,14,125407),(110,2,15,37851),(111,2,16,120654),(112,2,17,35003),(113,2,18,70502),(114,2,19,117934),(115,2,20,52401),(116,2,21,13908),(117,2,22,88907),(118,2,23,69783),(119,2,24,118296),(120,2,25,41612),(121,2,26,33744),(122,2,27,21256),(123,2,28,280212),(124,2,29,29775),(125,2,30,109078),(126,2,31,45500),(127,2,32,184063),(128,2,33,111208),(129,2,34,86952),(130,2,35,83924),(131,2,36,120497),(132,2,37,134999),(133,2,38,8940),(134,2,39,90471),(135,2,40,81432),(136,2,41,208733),(137,2,42,47396),(138,2,43,47963),(139,2,44,299533),(140,2,45,44638),(141,2,46,51428),(142,2,47,132446),(143,2,48,84462),(144,2,49,89703),(145,2,50,74398),(146,2,51,52764),(147,2,52,106691),(148,2,53,109722),(149,2,54,156658),(150,2,55,29491),(151,2,56,99999),(152,2,57,47782),(153,2,58,86251),(154,2,59,154773),(155,2,60,80330),(156,2,61,201636),(157,2,62,198549),(158,2,63,18157),(159,2,64,50679),(160,2,65,129994),(161,2,66,75167),(162,2,67,107672),(163,2,68,96416),(164,2,69,125907),(165,2,70,35933),(166,2,71,92205),(167,2,72,70058),(168,2,73,192701),(169,2,74,56719),(170,2,75,73179),(171,2,76,92200),(172,2,77,64658),(173,2,78,177812),(174,2,79,76255),(175,2,80,64120),(176,2,81,33022),(177,2,82,44737),(178,2,83,20193),(179,2,84,90930),(180,2,85,166256),(181,2,86,72599),(182,2,87,82251),(183,2,88,13560),(184,2,89,51123),(185,2,90,89550),(186,2,91,97066),(187,2,92,46180),(188,2,93,111139),(189,2,94,162436),(190,2,95,41863),(191,2,96,45073),(192,2,97,99468),(193,2,98,30857),(194,2,99,731),(195,2,101,171309),(196,3,1,105818),(197,3,2,104481),(198,3,3,133097),(199,3,4,49360),(200,3,5,66488),(201,3,6,35491),(202,3,7,49801),(203,3,8,180574),(204,3,9,83072),(205,3,10,211083),(206,3,11,130797),(207,3,12,120393),(208,3,13,143342),(209,3,14,68370),(210,3,15,43154),(211,3,16,58607),(212,3,17,118921),(213,3,18,80874),(214,3,19,184894),(215,3,20,157321),(216,3,21,31184),(217,3,22,30538),(218,3,23,79272),(219,3,24,32131),(220,3,25,107326),(221,3,26,32674),(222,3,28,127206),(223,3,29,13973),(224,3,30,45029),(225,3,31,39102),(226,3,32,110902),(227,3,33,112870),(228,3,34,106157),(229,3,35,75686),(230,3,36,6088),(231,3,37,168294),(232,3,38,68149),(233,3,39,4107),(234,3,40,110327),(235,3,41,71402),(236,3,42,67167),(237,3,43,1687),(238,3,44,18673),(239,3,45,13572),(240,3,46,7716),(241,3,47,54205),(242,3,48,88886),(243,3,49,107781),(244,3,50,161821),(245,3,51,153931),(246,3,52,46237),(247,3,53,94998),(248,3,54,183438),(249,3,55,58144),(250,3,56,37032),(251,3,57,113871),(252,3,58,76706),(253,3,59,93276),(254,3,61,97079),(255,3,62,273055),(256,3,63,69833),(257,3,64,81042),(258,3,65,41077),(259,3,66,36272),(260,3,67,32386),(261,3,68,49261),(262,3,69,71475),(263,3,70,62948),(264,3,71,193564),(265,3,72,131674),(266,3,73,95314),(267,3,75,128563),(268,3,76,56801),(269,3,77,6207),(270,3,78,74338),(271,3,79,134448),(272,3,80,28708),(273,3,82,266555),(274,3,84,139141),(275,3,85,61084),(276,3,86,75813),(277,3,87,84224),(278,3,88,166074),(279,3,89,152862),(280,3,90,70162),(281,3,92,48072),(282,3,94,151258),(283,3,95,69684),(284,3,96,56736),(285,3,97,85637),(286,3,98,62423),(287,3,99,137389),(288,3,100,31713),(289,3,101,37817);
/*!40000 ALTER TABLE `inventory` ENABLE KEYS */;
UNLOCK TABLES;

--
-- Table structure for table `product`
--

DROP TABLE IF EXISTS `product`;
/*!40101 SET @saved_cs_client     = @@character_set_client */;
/*!40101 SET character_set_client = utf8 */;
CREATE TABLE `product` (
  `product_id` bigint(20) NOT NULL AUTO_INCREMENT,
  `name` varchar(255) NOT NULL,
  `unit_price` decimal(13,2) NOT NULL,
  PRIMARY KEY (`product_id`)
) ENGINE=InnoDB AUTO_INCREMENT=102 DEFAULT CHARSET=utf8;
/*!40101 SET character_set_client = @saved_cs_client */;

--
-- Dumping data for table `product`
--

LOCK TABLES `product` WRITE;
/*!40000 ALTER TABLE `product` DISABLE KEYS */;
INSERT INTO `product` VALUES (1,'Pate Pans Yellow',8.33),(2,'Salmon Atl.whole 8 - 10 Lb',3.92),(3,'Jam - Apricot',9.20),(4,'Soup - Canadian Pea, Dry Mix',2.70),(5,'Currants',9.48),(6,'Pepper - Roasted Red',3.52),(7,'Sauce - Alfredo',6.85),(8,'Juice - Ocean Spray Kiwi',8.67),(9,'Sprouts Dikon',2.47),(10,'Bread - Olive',8.17),(11,'Rosemary - Fresh',0.68),(12,'Salami - Genova',5.97),(13,'Table Cloth 90x90 Colour',7.62),(14,'Chilli Paste, Sambal Oelek',7.74),(15,'Pork - Smoked Back Bacon',6.19),(16,'Chickensplit Half',4.13),(17,'Magnotta - Bel Paese White',9.51),(18,'Sandwich Wrap',4.16),(19,'Glove - Cutting',7.35),(20,'Fish - Artic Char, Cold Smoked',5.53),(21,'Marsala - Sperone, Fine, D.o.c.',2.76),(22,'Hummus - Spread',7.99),(23,'Radish - Pickled',0.69),(24,'Fond - Chocolate',1.31),(25,'Wine - Cotes Du Rhone Parallele',5.20),(26,'Cream - 35%',4.06),(27,'Pork - Smoked Kassler',7.31),(28,'Pasta - Fettuccine, Egg, Fresh',5.64),(29,'Energy Drink - Redbull 355ml',4.26),(30,'Brownies - Two Bite, Chocolate',7.40),(31,'Bar Mix - Pina Colada, 355 Ml',2.74),(32,'Crab - Dungeness, Whole',2.61),(33,'Lamb - Shoulder, Boneless',4.11),(34,'Wine - Gato Negro Cabernet',8.21),(35,'Onions Granulated',5.57),(36,'Bread Cranberry Foccacia',3.96),(37,'Bread - White Epi Baguette',7.50),(38,'Sansho Powder',9.85),(39,'Broccoli - Fresh',5.56),(40,'Wine - Remy Pannier Rose',4.40),(41,'Bamboo Shoots - Sliced',7.78),(42,'Rosemary - Dry',7.84),(43,'Clam - Cherrystone',7.07),(44,'Bamboo Shoots - Sliced',7.70),(45,'Truffle - Whole Black Peeled',4.15),(46,'Turkey - Breast, Boneless Sk On',7.23),(47,'Juice - Apple, 1.36l',3.34),(48,'Sobe - Tropical Energy',4.92),(49,'Towels - Paper / Kraft',5.26),(50,'Veal - Shank, Pieces',6.54),(51,'Wine - Red, Cabernet Merlot',9.74),(52,'Pepper - Sorrano',9.26),(53,'Sachet',8.87),(54,'Lobak',4.21),(55,'Nantucket - Kiwi Berry Cktl.',4.89),(56,'The Pop Shoppe Pinapple',1.75),(57,'Longos - Grilled Salmon With Bbq',6.76),(58,'Horseradish Root',3.21),(59,'Sobe - Lizard Fuel',7.39),(60,'Pork - Bacon, Double Smoked',7.67),(61,'Bread - Roll, Italian',7.59),(62,'Beef - Cow Feet Split',5.85),(63,'Pepper - Chillies, Crushed',0.43),(64,'Mountain Dew',8.99),(65,'Grapefruit - White',3.76),(66,'Muffin Mix - Lemon Cranberry',6.01),(67,'Lettuce - Boston Bib - Organic',8.69),(68,'Dried Cranberries',4.53),(69,'Crush - Grape, 355 Ml',0.68),(70,'Cranberries - Dry',1.80),(71,'Turnip - White',4.10),(72,'Parsley Italian - Fresh',7.40),(73,'Bar Bran Honey Nut',8.19),(74,'Beets',9.52),(75,'Molasses - Fancy',7.78),(76,'Ecolab - Solid Fusion',3.14),(77,'Veal - Inside Round / Top, Lean',2.39),(78,'Soup Campbells - Tomato Bisque',6.04),(79,'Bagel - 12 Grain Preslice',3.07),(80,'Wakami Seaweed',3.08),(81,'Ice Cream Bar - Oreo Cone',6.07),(82,'Plasticspoonblack',8.43),(83,'Chinese Foods - Chicken Wing',2.14),(84,'Asparagus - Frozen',8.07),(85,'Lamb - Pieces, Diced',9.46),(86,'Pasta - Orecchiette',9.10),(87,'Miso - Soy Bean Paste',7.44),(88,'Hummus - Spread',7.85),(89,'Bouillion - Fish',3.74),(90,'Muffin - Mix - Bran And Maple 15l',2.07),(91,'Wine - Jaboulet Cotes Du Rhone',0.55),(92,'Lamb - Whole Head Off',9.22),(93,'Tomato - Plum With Basil',0.15),(94,'Pie Shell - 9',9.76),(95,'Sachet',8.34),(96,'Potatoes - Purple, Organic',2.29),(97,'Olives - Stuffed',2.54),(98,'Duck - Fat',9.11),(99,'Cabbage - Nappa',6.96),(100,'Bread - Raisin',4.35),(101,'Pate Pans Yellow',8.33);
/*!40000 ALTER TABLE `product` ENABLE KEYS */;
UNLOCK TABLES;

--
-- Table structure for table `sales_order`
--

DROP TABLE IF EXISTS `sales_order`;
/*!40101 SET @saved_cs_client     = @@character_set_client */;
/*!40101 SET character_set_client = utf8 */;
CREATE TABLE `sales_order` (
  `sales_order_id` bigint(20) NOT NULL AUTO_INCREMENT,
  `customer_id` bigint(20) NOT NULL,
  `ship_to_address_id` bigint(20) NOT NULL,
  `order_date` datetime NOT NULL,
  `order_status` varchar(100) NOT NULL,
  PRIMARY KEY (`sales_order_id`),
  KEY `sales_order_FK` (`customer_id`),
  KEY `sales_order_FK_1` (`ship_to_address_id`),
  CONSTRAINT `sales_order_FK` FOREIGN KEY (`customer_id`) REFERENCES `customer` (`customer_id`),
  CONSTRAINT `sales_order_FK_1` FOREIGN KEY (`ship_to_address_id`) REFERENCES `address` (`address_id`)
) ENGINE=InnoDB AUTO_INCREMENT=503 DEFAULT CHARSET=utf8;
/*!40101 SET character_set_client = @saved_cs_client */;

--
-- Dumping data for table `sales_order`
--

LOCK TABLES `sales_order` WRITE;
/*!40000 ALTER TABLE `sales_order` DISABLE KEYS */;
INSERT INTO `sales_order` VALUES (1,903,634,'2019-11-17 11:13:16','CANCEL'),(2,409,53,'2019-11-11 04:30:37','CANCEL'),(3,339,60,'2019-11-07 11:44:11','OPEN'),(4,409,53,'2019-11-07 20:15:39','CANCEL'),(5,103,437,'2019-11-20 17:12:55','COMPLETE'),(6,791,553,'2019-11-24 00:24:52','INPROGRESS'),(7,131,862,'2019-11-01 21:32:49','INPROGRESS'),(8,273,428,'2019-11-01 09:36:46','COMPLETE'),(9,897,142,'2019-11-05 06:32:36','OPEN'),(10,106,408,'2019-10-27 02:59:55','COMPLETE'),(11,486,246,'2019-10-29 18:29:05','INPROGRESS'),(12,243,280,'2019-11-09 10:32:52','OPEN'),(13,4,186,'2019-11-24 20:24:19','OPEN'),(14,152,958,'2019-11-09 21:30:14','INPROGRESS'),(15,704,709,'2019-11-08 21:25:27','CANCEL'),(16,728,653,'2019-11-18 17:43:50','OPEN'),(17,144,484,'2019-11-10 23:30:01','COMPLETE'),(18,805,946,'2019-11-02 15:25:50','INPROGRESS'),(19,614,978,'2019-11-14 05:46:22','OPEN'),(20,540,593,'2019-11-07 05:41:33','COMPLETE'),(21,359,338,'2019-10-28 10:15:54','INPROGRESS'),(22,515,389,'2019-10-30 09:22:04','OPEN'),(23,151,65,'2019-11-08 15:09:56','INPROGRESS'),(24,514,315,'2019-11-18 22:50:40','OPEN'),(25,402,413,'2019-11-12 19:50:46','OPEN'),(26,440,984,'2019-11-11 05:49:05','CANCEL'),(27,948,372,'2019-11-21 16:40:23','INPROGRESS'),(28,14,16,'2019-11-18 17:01:53','OPEN'),(29,556,588,'2019-11-02 10:15:31','INPROGRESS'),(30,128,888,'2019-11-19 23:19:12','CANCEL'),(31,680,331,'2019-11-06 12:56:41','COMPLETE'),(32,18,257,'2019-11-06 17:53:04','CANCEL'),(33,420,699,'2019-11-18 01:42:32','INPROGRESS'),(34,995,922,'2019-11-14 02:00:42','OPEN'),(35,95,521,'2019-11-20 04:03:07','CANCEL'),(36,58,119,'2019-11-02 13:20:43','COMPLETE'),(37,723,43,'2019-11-16 05:41:32','OPEN'),(38,896,994,'2019-11-17 11:32:43','COMPLETE'),(39,756,981,'2019-11-12 15:46:14','CANCEL'),(40,596,886,'2019-11-14 19:20:16','OPEN'),(41,577,499,'2019-11-10 00:29:54','CANCEL'),(42,289,85,'2019-11-09 15:35:57','CANCEL'),(43,963,530,'2019-11-22 03:37:17','INPROGRESS'),(44,696,204,'2019-11-25 18:25:50','CANCEL'),(45,55,652,'2019-11-06 08:24:33','OPEN'),(46,792,239,'2019-11-18 09:52:25','COMPLETE'),(47,980,105,'2019-11-16 23:15:41','COMPLETE'),(48,689,150,'2019-11-03 13:48:22','INPROGRESS'),(49,284,89,'2019-10-31 22:22:00','OPEN'),(50,364,933,'2019-10-28 21:32:09','OPEN'),(51,387,900,'2019-11-20 15:41:56','COMPLETE'),(52,702,64,'2019-11-23 13:00:29','COMPLETE'),(53,555,608,'2019-10-30 17:03:49','COMPLETE'),(54,660,910,'2019-11-21 21:24:52','OPEN'),(55,513,856,'2019-11-24 07:00:08','OPEN'),(56,8,362,'2019-10-30 17:53:16','COMPLETE'),(57,389,173,'2019-11-19 19:33:12','CANCEL'),(58,899,779,'2019-11-13 19:13:24','CANCEL'),(59,514,315,'2019-11-13 12:34:39','OPEN'),(60,640,192,'2019-10-31 04:20:18','OPEN'),(61,37,717,'2019-11-24 07:04:44','OPEN'),(62,512,708,'2019-11-04 21:29:58','CANCEL'),(63,187,810,'2019-11-15 13:22:54','COMPLETE'),(64,298,414,'2019-11-07 01:31:50','COMPLETE'),(65,975,997,'2019-11-22 14:37:41','INPROGRESS'),(66,563,145,'2019-11-05 19:40:10','INPROGRESS'),(67,875,891,'2019-11-25 05:34:57','CANCEL'),(68,816,48,'2019-11-22 16:01:32','INPROGRESS'),(69,971,782,'2019-11-11 14:30:03','CANCEL'),(70,132,863,'2019-11-23 23:32:50','OPEN'),(71,637,517,'2019-10-30 01:21:17','CANCEL'),(72,934,726,'2019-11-17 07:15:07','OPEN'),(73,399,224,'2019-11-03 07:18:56','COMPLETE'),(74,125,400,'2019-10-29 13:56:35','OPEN'),(75,321,273,'2019-11-16 22:53:21','INPROGRESS'),(76,515,389,'2019-11-02 23:44:14','CANCEL'),(77,643,416,'2019-10-29 01:08:20','OPEN'),(78,295,599,'2019-11-15 05:36:14','COMPLETE'),(79,483,895,'2019-11-25 23:43:20','OPEN'),(80,404,964,'2019-10-29 04:55:11','INPROGRESS'),(81,506,66,'2019-11-07 00:33:11','COMPLETE'),(82,51,136,'2019-11-14 11:07:35','OPEN'),(83,315,776,'2019-11-25 05:05:35','INPROGRESS'),(84,643,416,'2019-10-27 15:12:26','CANCEL'),(85,657,676,'2019-11-01 11:52:37','OPEN'),(86,209,688,'2019-11-21 12:53:00','CANCEL'),(87,373,696,'2019-11-17 03:54:24','COMPLETE'),(88,402,413,'2019-11-25 04:00:15','INPROGRESS'),(89,47,126,'2019-11-18 07:25:13','CANCEL'),(90,954,298,'2019-11-20 00:12:36','COMPLETE'),(91,42,880,'2019-11-19 01:54:33','CANCEL'),(92,358,526,'2019-11-09 08:02:11','COMPLETE'),(93,311,412,'2019-11-23 09:34:28','COMPLETE'),(94,354,923,'2019-11-02 22:53:03','INPROGRESS'),(95,874,319,'2019-11-08 12:49:03','INPROGRESS'),(96,155,585,'2019-11-07 18:33:22','OPEN'),(97,173,917,'2019-11-17 05:26:54','INPROGRESS'),(98,764,669,'2019-11-06 18:41:36','COMPLETE'),(99,556,588,'2019-11-16 04:14:32','INPROGRESS'),(100,165,820,'2019-11-04 12:15:04','OPEN'),(101,362,235,'2019-11-07 23:39:00','OPEN'),(102,439,574,'2019-10-31 08:37:00','CANCEL'),(103,488,967,'2019-11-11 19:15:15','CANCEL'),(104,118,590,'2019-11-01 21:32:27','CANCEL'),(105,186,197,'2019-11-08 01:03:42','COMPLETE'),(106,342,846,'2019-11-08 11:48:25','CANCEL'),(107,257,157,'2019-11-22 06:58:11','COMPLETE'),(108,76,514,'2019-10-30 22:32:53','OPEN'),(109,124,387,'2019-10-27 18:57:05','CANCEL'),(110,71,318,'2019-11-18 02:14:00','CANCEL'),(111,582,934,'2019-11-14 01:26:01','CANCEL'),(112,856,533,'2019-11-19 23:35:15','INPROGRESS'),(113,626,123,'2019-11-01 16:45:28','INPROGRESS'),(114,987,788,'2019-11-12 12:08:50','CANCEL'),(115,278,255,'2019-11-01 09:34:56','INPROGRESS'),(116,280,751,'2019-11-03 10:35:26','OPEN'),(117,405,478,'2019-11-16 23:19:34','COMPLETE'),(118,12,116,'2019-11-18 11:58:47','CANCEL'),(119,361,899,'2019-11-15 13:02:26','OPEN'),(120,58,119,'2019-10-27 04:23:05','CANCEL'),(121,135,295,'2019-10-29 05:55:15','INPROGRESS'),(122,478,845,'2019-11-06 15:34:11','INPROGRESS'),(123,962,81,'2019-11-12 11:12:23','INPROGRESS'),(124,808,966,'2019-11-16 08:26:37','CANCEL'),(125,987,788,'2019-11-18 07:43:07','OPEN'),(126,845,366,'2019-11-16 12:22:59','CANCEL'),(127,687,475,'2019-11-01 13:52:45','INPROGRESS'),(128,823,459,'2019-11-22 07:22:00','OPEN'),(129,52,640,'2019-11-20 18:18:56','CANCEL'),(130,2,205,'2019-11-10 20:35:56','INPROGRESS'),(131,69,394,'2019-11-25 23:10:03','OPEN'),(132,512,708,'2019-11-11 05:09:41','CANCEL'),(133,345,565,'2019-11-12 03:25:29','OPEN'),(134,634,818,'2019-11-01 00:45:35','CANCEL'),(135,629,763,'2019-11-02 16:38:37','COMPLETE'),(136,849,321,'2019-11-14 08:03:37','CANCEL'),(137,68,308,'2019-11-07 13:29:23','INPROGRESS'),(138,270,976,'2019-10-29 18:23:17','COMPLETE'),(139,611,441,'2019-11-05 02:35:31','CANCEL'),(140,893,45,'2019-11-03 04:54:56','OPEN'),(141,714,30,'2019-11-04 15:55:20','CANCEL'),(142,457,493,'2019-11-17 15:59:04','OPEN'),(143,480,890,'2019-11-18 07:16:34','OPEN'),(144,336,747,'2019-11-12 11:32:48','INPROGRESS'),(145,978,834,'2019-11-11 11:01:34','CANCEL'),(146,418,2,'2019-11-23 19:36:35','COMPLETE'),(147,395,924,'2019-10-29 16:05:28','CANCEL'),(148,532,7,'2019-11-15 20:44:45','COMPLETE'),(149,171,879,'2019-10-28 06:34:35','INPROGRESS'),(150,547,168,'2019-11-02 17:45:51','INPROGRESS'),(151,444,555,'2019-11-25 20:12:45','INPROGRESS'),(152,18,257,'2019-11-04 22:53:24','CANCEL'),(153,555,608,'2019-11-11 04:55:56','CANCEL'),(154,733,567,'2019-11-15 03:06:40','CANCEL'),(155,781,133,'2019-11-15 23:52:44','COMPLETE'),(156,492,711,'2019-11-08 13:10:55','OPEN'),(157,101,364,'2019-10-29 17:23:33','COMPLETE'),(158,779,592,'2019-11-01 22:32:14','INPROGRESS'),(159,553,179,'2019-11-17 11:37:42','COMPLETE'),(160,756,981,'2019-11-25 13:39:01','COMPLETE'),(161,65,636,'2019-11-19 08:29:11','COMPLETE'),(162,348,368,'2019-11-24 00:36:03','OPEN'),(163,995,922,'2019-11-06 00:39:58','INPROGRESS'),(164,729,8,'2019-11-22 00:38:50','COMPLETE'),(165,851,678,'2019-11-06 00:21:32','CANCEL'),(166,302,203,'2019-10-28 22:58:22','OPEN'),(167,283,795,'2019-11-05 16:54:22','OPEN'),(168,378,971,'2019-11-08 14:43:58','COMPLETE'),(169,406,278,'2019-10-30 22:03:54','OPEN'),(170,431,281,'2019-11-07 17:14:49','OPEN'),(171,2,205,'2019-11-12 19:09:32','CANCEL'),(172,922,566,'2019-11-14 19:10:27','COMPLETE'),(173,140,98,'2019-11-09 13:30:51','INPROGRESS'),(174,980,105,'2019-11-07 09:10:04','CANCEL'),(175,72,897,'2019-11-12 04:24:57','COMPLETE'),(176,521,25,'2019-11-12 17:41:47','COMPLETE'),(177,596,886,'2019-11-01 02:21:13','COMPLETE'),(178,255,569,'2019-11-01 05:47:57','CANCEL'),(179,645,606,'2019-11-06 21:03:19','CANCEL'),(180,352,496,'2019-11-04 14:59:56','OPEN'),(181,328,206,'2019-11-06 10:56:52','INPROGRESS'),(182,938,336,'2019-11-22 08:51:44','CANCEL'),(183,704,709,'2019-11-06 10:35:18','OPEN'),(184,461,621,'2019-10-30 01:28:28','COMPLETE'),(185,952,448,'2019-11-09 22:43:37','COMPLETE'),(186,52,640,'2019-10-27 12:19:51','OPEN'),(187,91,191,'2019-11-16 16:35:38','INPROGRESS'),(188,461,621,'2019-11-07 21:05:46','INPROGRESS'),(189,740,195,'2019-11-23 06:49:04','COMPLETE'),(190,973,544,'2019-11-06 17:55:16','INPROGRESS'),(191,593,987,'2019-10-28 20:16:16','CANCEL'),(192,679,57,'2019-11-02 22:42:42','CANCEL'),(193,287,582,'2019-11-25 03:51:54','CANCEL'),(194,973,544,'2019-10-31 22:18:34','CANCEL'),(195,127,547,'2019-11-23 03:04:19','INPROGRESS'),(196,909,925,'2019-10-27 19:33:05','COMPLETE'),(197,216,695,'2019-11-08 15:39:36','CANCEL'),(198,667,871,'2019-10-27 18:45:58','COMPLETE'),(199,152,958,'2019-11-21 21:58:12','CANCEL'),(200,725,645,'2019-11-03 04:40:14','CANCEL'),(201,888,682,'2019-11-14 04:33:47','INPROGRESS'),(202,349,996,'2019-11-05 07:55:24','COMPLETE'),(203,360,228,'2019-11-18 01:02:47','COMPLETE'),(204,596,886,'2019-11-18 04:34:57','INPROGRESS'),(205,866,147,'2019-11-10 18:53:33','OPEN'),(206,211,975,'2019-11-03 07:50:05','INPROGRESS'),(207,983,906,'2019-11-18 05:36:58','OPEN'),(208,143,485,'2019-11-25 03:41:46','CANCEL'),(209,564,704,'2019-11-15 00:45:05','COMPLETE'),(210,47,126,'2019-11-03 15:47:16','COMPLETE'),(211,527,406,'2019-11-07 03:48:17','COMPLETE'),(212,511,570,'2019-10-29 18:46:48','OPEN'),(213,510,861,'2019-11-06 09:36:20','CANCEL'),(214,418,2,'2019-11-09 14:48:27','COMPLETE'),(215,675,721,'2019-11-02 20:20:25','COMPLETE'),(216,917,26,'2019-11-19 08:23:55','OPEN'),(217,528,425,'2019-11-02 04:05:32','OPEN'),(218,373,696,'2019-11-16 18:23:05','CANCEL'),(219,788,697,'2019-11-21 06:46:01','INPROGRESS'),(220,275,792,'2019-10-31 01:47:57','OPEN'),(221,256,198,'2019-10-31 11:48:56','CANCEL'),(222,491,471,'2019-11-06 04:47:58','OPEN'),(223,362,235,'2019-11-03 11:40:11','CANCEL'),(224,511,570,'2019-11-02 19:04:13','OPEN'),(225,401,320,'2019-11-07 11:27:41','CANCEL'),(226,568,314,'2019-11-02 23:12:59','CANCEL'),(227,780,501,'2019-10-27 08:49:04','INPROGRESS'),(228,477,363,'2019-11-06 21:33:30','CANCEL'),(229,945,146,'2019-11-19 08:27:31','CANCEL'),(230,420,699,'2019-11-20 00:44:16','OPEN'),(231,693,189,'2019-11-16 01:25:57','CANCEL'),(232,45,24,'2019-11-24 04:04:07','CANCEL'),(233,661,111,'2019-11-16 15:09:57','COMPLETE'),(234,576,453,'2019-11-14 14:44:31','COMPLETE'),(235,453,728,'2019-10-28 03:19:57','OPEN'),(236,573,753,'2019-11-05 19:33:22','INPROGRESS'),(237,594,429,'2019-11-11 14:54:10','INPROGRESS'),(238,945,146,'2019-11-14 14:57:56','INPROGRESS'),(239,461,621,'2019-11-12 05:14:17','COMPLETE'),(240,64,522,'2019-11-21 04:24:50','COMPLETE'),(241,132,863,'2019-11-13 05:28:30','OPEN'),(242,603,651,'2019-11-06 13:15:11','COMPLETE'),(243,199,352,'2019-10-28 00:57:33','INPROGRESS'),(244,883,121,'2019-10-30 12:09:25','INPROGRESS'),(245,723,43,'2019-11-10 09:01:35','INPROGRESS'),(246,540,593,'2019-10-28 07:46:49','OPEN'),(247,443,438,'2019-11-19 10:56:34','INPROGRESS'),(248,583,418,'2019-11-19 06:29:30','COMPLETE'),(249,3,178,'2019-11-11 22:45:02','COMPLETE'),(250,39,745,'2019-11-05 21:23:48','INPROGRESS'),(251,806,403,'2019-10-28 13:51:03','INPROGRESS'),(252,287,582,'2019-11-04 04:10:58','INPROGRESS'),(253,713,876,'2019-11-02 02:28:53','OPEN'),(254,586,828,'2019-11-01 22:58:41','OPEN'),(255,484,830,'2019-11-07 10:33:54','CANCEL'),(256,771,762,'2019-11-05 07:00:35','CANCEL'),(257,63,289,'2019-11-08 02:28:24','OPEN'),(258,345,565,'2019-10-29 14:27:25','CANCEL'),(259,779,592,'2019-11-02 15:59:04','OPEN'),(260,791,553,'2019-11-21 11:40:14','COMPLETE'),(261,768,268,'2019-11-13 09:31:06','INPROGRESS'),(262,155,585,'2019-11-06 11:41:59','OPEN'),(263,416,405,'2019-10-27 05:03:44','COMPLETE'),(264,342,846,'2019-11-25 13:19:55','OPEN'),(265,28,84,'2019-11-23 02:35:32','CANCEL'),(266,761,311,'2019-11-12 20:05:06','COMPLETE'),(267,932,210,'2019-10-29 19:46:04','OPEN'),(268,706,223,'2019-11-19 13:42:10','OPEN'),(269,784,617,'2019-11-15 08:19:48','INPROGRESS'),(270,709,138,'2019-11-21 23:39:40','CANCEL'),(271,970,819,'2019-11-07 20:26:05','OPEN'),(272,143,485,'2019-11-07 06:18:35','INPROGRESS'),(273,805,946,'2019-11-16 17:21:46','CANCEL'),(274,416,405,'2019-11-05 19:00:14','COMPLETE'),(275,969,836,'2019-11-12 18:03:01','COMPLETE'),(276,42,880,'2019-11-20 08:21:30','CANCEL'),(277,569,892,'2019-11-07 10:45:36','OPEN'),(278,9,839,'2019-11-10 03:50:39','COMPLETE'),(279,399,224,'2019-11-02 10:03:38','CANCEL'),(280,826,454,'2019-11-15 13:53:18','OPEN'),(281,71,318,'2019-11-14 14:22:44','OPEN'),(282,686,598,'2019-10-31 05:20:58','COMPLETE'),(283,978,834,'2019-11-21 06:43:45','INPROGRESS'),(284,896,994,'2019-11-19 16:43:00','COMPLETE'),(285,482,559,'2019-11-08 14:30:53','INPROGRESS'),(286,468,127,'2019-11-17 21:32:33','COMPLETE'),(287,227,47,'2019-11-07 15:17:16','COMPLETE'),(288,343,358,'2019-11-18 10:55:49','INPROGRESS'),(289,849,321,'2019-11-13 07:54:26','INPROGRESS'),(290,993,498,'2019-11-15 05:51:49','INPROGRESS'),(291,590,420,'2019-11-10 04:42:58','INPROGRESS'),(292,645,606,'2019-11-09 05:06:30','COMPLETE'),(293,212,927,'2019-11-19 10:30:47','CANCEL'),(294,241,615,'2019-11-13 12:21:31','COMPLETE'),(295,879,866,'2019-11-13 05:22:25','INPROGRESS'),(296,903,634,'2019-10-30 12:54:40','CANCEL'),(297,831,801,'2019-11-21 23:33:12','INPROGRESS'),(298,292,378,'2019-11-25 06:09:10','COMPLETE'),(299,108,250,'2019-11-04 07:13:23','CANCEL'),(300,483,895,'2019-11-09 16:46:34','CANCEL'),(301,234,307,'2019-11-09 13:19:48','COMPLETE'),(302,94,805,'2019-11-22 15:26:28','CANCEL'),(303,821,764,'2019-10-29 12:20:03','COMPLETE'),(304,89,51,'2019-11-18 14:27:59','CANCEL'),(305,874,319,'2019-11-11 10:26:57','OPEN'),(306,739,131,'2019-11-05 07:57:58','INPROGRESS'),(307,64,522,'2019-10-27 07:36:04','OPEN'),(308,713,876,'2019-10-30 13:13:38','COMPLETE'),(309,330,379,'2019-11-12 18:27:04','COMPLETE'),(310,887,346,'2019-11-09 03:41:35','COMPLETE'),(311,755,791,'2019-11-11 10:13:52','OPEN'),(312,936,209,'2019-11-03 15:11:42','COMPLETE'),(313,668,945,'2019-11-17 20:24:04','COMPLETE'),(314,93,609,'2019-11-22 07:32:24','OPEN'),(315,83,838,'2019-11-01 23:36:53','CANCEL'),(316,11,125,'2019-11-06 22:34:19','OPEN'),(317,396,467,'2019-11-02 17:08:06','CANCEL'),(318,992,662,'2019-10-27 17:04:38','OPEN'),(319,377,638,'2019-11-09 09:05:59','COMPLETE'),(320,601,282,'2019-10-31 17:23:09','OPEN'),(321,689,150,'2019-11-09 10:44:57','OPEN'),(322,877,93,'2019-11-19 00:42:24','CANCEL'),(323,92,35,'2019-11-10 18:24:19','OPEN'),(324,798,622,'2019-10-31 17:01:29','OPEN'),(325,770,842,'2019-11-05 05:01:38','INPROGRESS'),(326,231,283,'2019-10-28 21:10:47','COMPLETE'),(327,701,603,'2019-11-07 17:56:11','OPEN'),(328,177,528,'2019-11-19 01:15:39','INPROGRESS'),(329,108,250,'2019-11-15 23:36:51','INPROGRESS'),(330,304,940,'2019-10-27 17:24:27','INPROGRESS'),(331,208,101,'2019-10-30 15:18:48','OPEN'),(332,100,670,'2019-11-11 23:27:47','COMPLETE'),(333,860,643,'2019-11-04 22:29:37','CANCEL'),(334,196,741,'2019-11-22 17:11:52','INPROGRESS'),(335,341,911,'2019-11-12 17:37:35','CANCEL'),(336,35,461,'2019-10-30 11:39:29','OPEN'),(337,696,204,'2019-11-23 04:31:49','INPROGRESS'),(338,557,646,'2019-11-01 10:47:43','INPROGRESS'),(339,208,101,'2019-11-01 15:30:16','CANCEL'),(340,853,722,'2019-11-07 20:15:19','OPEN'),(341,878,196,'2019-11-08 05:52:54','INPROGRESS'),(342,701,603,'2019-11-21 15:45:42','OPEN'),(343,173,917,'2019-10-28 12:16:56','OPEN'),(344,699,375,'2019-11-16 13:14:42','OPEN'),(345,542,220,'2019-11-04 04:29:49','INPROGRESS'),(346,962,81,'2019-11-05 05:52:08','OPEN'),(347,445,665,'2019-11-17 14:58:19','INPROGRESS'),(348,993,498,'2019-11-16 08:22:19','INPROGRESS'),(349,928,202,'2019-11-02 20:03:47','CANCEL'),(350,965,190,'2019-10-30 02:19:05','OPEN'),(351,456,480,'2019-11-20 22:31:12','CANCEL'),(352,865,88,'2019-11-21 08:45:53','OPEN'),(353,39,745,'2019-11-17 23:22:54','INPROGRESS'),(354,475,919,'2019-10-30 17:43:59','COMPLETE'),(355,832,995,'2019-11-08 17:38:23','COMPLETE'),(356,51,136,'2019-11-18 10:07:05','OPEN'),(357,287,582,'2019-11-09 20:47:22','OPEN'),(358,194,393,'2019-10-29 00:42:41','INPROGRESS'),(359,298,414,'2019-11-24 12:18:30','CANCEL'),(360,681,705,'2019-11-12 10:31:34','OPEN'),(361,305,383,'2019-11-22 14:49:29','OPEN'),(362,929,290,'2019-11-19 17:39:50','INPROGRESS'),(363,772,442,'2019-11-04 18:57:49','INPROGRESS'),(364,266,804,'2019-10-29 16:56:45','CANCEL'),(365,196,741,'2019-11-13 02:57:26','CANCEL'),(366,754,689,'2019-11-13 11:04:00','COMPLETE'),(367,935,770,'2019-11-01 21:34:51','OPEN'),(368,617,881,'2019-11-03 01:49:17','INPROGRESS'),(369,151,65,'2019-11-13 15:29:02','CANCEL'),(370,440,984,'2019-11-02 23:04:22','COMPLETE'),(371,885,893,'2019-11-07 20:01:53','OPEN'),(372,518,859,'2019-11-04 06:03:26','INPROGRESS'),(373,977,907,'2019-11-01 17:18:39','COMPLETE'),(374,776,317,'2019-10-30 19:30:00','OPEN'),(375,723,43,'2019-10-28 20:41:11','INPROGRESS'),(376,475,919,'2019-11-23 20:03:03','COMPLETE'),(377,232,597,'2019-11-09 13:18:46','OPEN'),(378,781,133,'2019-11-10 05:31:50','OPEN'),(379,128,888,'2019-10-27 10:50:00','COMPLETE'),(380,765,781,'2019-11-15 12:41:34','INPROGRESS'),(381,718,908,'2019-11-02 06:04:58','CANCEL'),(382,861,829,'2019-10-29 15:27:13','COMPLETE'),(383,785,407,'2019-11-20 10:08:16','OPEN'),(384,871,479,'2019-11-20 03:26:50','CANCEL'),(385,902,693,'2019-11-13 09:56:30','OPEN'),(386,371,831,'2019-11-10 14:29:05','CANCEL'),(387,656,449,'2019-11-16 17:43:01','INPROGRESS'),(388,455,492,'2019-11-25 20:14:57','OPEN'),(389,479,265,'2019-11-22 23:12:49','INPROGRESS'),(390,756,981,'2019-11-11 06:26:20','OPEN'),(391,134,67,'2019-11-21 09:40:20','INPROGRESS'),(392,375,11,'2019-11-17 04:09:46','INPROGRESS'),(393,609,14,'2019-11-25 14:54:58','COMPLETE'),(394,219,91,'2019-11-20 13:12:37','INPROGRESS'),(395,760,439,'2019-10-30 20:25:20','CANCEL'),(396,496,158,'2019-11-01 13:35:53','CANCEL'),(397,842,851,'2019-11-12 05:50:33','CANCEL'),(398,324,664,'2019-10-31 11:32:14','OPEN'),(399,282,527,'2019-10-30 15:16:36','OPEN'),(400,238,775,'2019-10-31 16:53:26','CANCEL'),(401,107,440,'2019-11-08 13:44:24','COMPLETE'),(402,169,68,'2019-11-14 17:08:46','INPROGRESS'),(403,851,678,'2019-11-21 19:37:44','COMPLETE'),(404,261,169,'2019-11-08 21:49:30','INPROGRESS'),(405,371,831,'2019-11-13 01:21:24','OPEN'),(406,331,129,'2019-11-12 12:25:32','OPEN'),(407,953,354,'2019-10-28 09:10:37','OPEN'),(408,763,832,'2019-11-13 07:43:33','COMPLETE'),(409,65,636,'2019-11-18 10:13:00','INPROGRESS'),(410,44,359,'2019-10-27 03:01:28','OPEN'),(411,229,90,'2019-11-19 07:35:25','INPROGRESS'),(412,865,88,'2019-11-22 03:59:44','OPEN'),(413,646,874,'2019-10-27 20:19:34','COMPLETE'),(414,417,357,'2019-11-11 16:45:41','OPEN'),(415,202,784,'2019-11-11 21:56:50','COMPLETE'),(416,947,183,'2019-10-29 10:34:11','CANCEL'),(417,185,789,'2019-11-20 10:07:32','OPEN'),(418,999,277,'2019-11-20 18:02:13','CANCEL'),(419,296,666,'2019-11-16 10:55:34','CANCEL'),(420,802,577,'2019-11-23 23:38:16','COMPLETE'),(421,292,378,'2019-11-14 12:31:45','OPEN'),(422,286,723,'2019-11-04 14:51:03','OPEN'),(423,599,396,'2019-11-13 11:47:06','CANCEL'),(424,764,669,'2019-10-28 13:29:26','CANCEL'),(425,486,246,'2019-11-11 07:13:00','CANCEL'),(426,221,719,'2019-11-07 18:43:44','CANCEL'),(427,127,547,'2019-11-08 23:06:46','CANCEL'),(428,719,939,'2019-11-25 10:29:44','INPROGRESS'),(429,429,274,'2019-11-14 06:15:29','CANCEL'),(430,404,964,'2019-10-29 22:55:18','CANCEL'),(431,98,938,'2019-11-15 22:57:09','COMPLETE'),(432,946,573,'2019-10-27 21:06:56','COMPLETE'),(433,315,776,'2019-10-31 11:50:19','OPEN'),(434,131,862,'2019-11-15 18:57:52','CANCEL'),(435,860,643,'2019-11-21 10:25:28','INPROGRESS'),(436,237,658,'2019-11-03 18:20:50','CANCEL'),(437,439,574,'2019-11-18 11:34:51','COMPLETE'),(438,678,743,'2019-11-25 01:58:51','CANCEL'),(439,812,175,'2019-11-13 22:16:49','INPROGRESS'),(440,863,898,'2019-10-29 08:34:39','COMPLETE'),(441,490,75,'2019-11-13 23:09:50','INPROGRESS'),(442,752,561,'2019-11-18 17:12:19','OPEN'),(443,686,598,'2019-11-25 15:39:12','OPEN'),(444,778,867,'2019-11-16 01:46:05','COMPLETE'),(445,426,452,'2019-11-07 08:59:55','OPEN'),(446,374,748,'2019-11-22 14:48:24','INPROGRESS'),(447,620,706,'2019-11-04 22:09:18','OPEN'),(448,204,685,'2019-11-20 17:28:25','INPROGRESS'),(449,248,37,'2019-11-02 20:01:14','COMPLETE'),(450,914,188,'2019-11-15 22:48:02','OPEN'),(451,227,47,'2019-11-15 05:03:31','OPEN'),(452,827,620,'2019-11-02 04:00:34','COMPLETE'),(453,204,685,'2019-10-30 03:59:23','OPEN'),(454,150,564,'2019-11-23 07:02:16','OPEN'),(455,816,48,'2019-11-02 22:20:18','OPEN'),(456,636,270,'2019-11-08 17:41:45','CANCEL'),(457,482,559,'2019-11-08 20:34:56','COMPLETE'),(458,112,108,'2019-11-22 00:56:27','COMPLETE'),(459,624,774,'2019-10-28 14:04:34','CANCEL'),(460,818,156,'2019-11-15 18:40:34','COMPLETE'),(461,689,150,'2019-10-31 02:16:11','COMPLETE'),(462,212,927,'2019-11-17 02:26:16','CANCEL'),(463,144,484,'2019-10-30 04:29:54','OPEN'),(464,641,817,'2019-11-08 14:17:48','OPEN'),(465,235,211,'2019-11-19 09:06:20','CANCEL'),(466,50,660,'2019-11-15 01:45:22','OPEN'),(467,698,458,'2019-11-21 04:34:55','OPEN'),(468,119,456,'2019-11-04 16:45:32','COMPLETE'),(469,961,525,'2019-11-23 21:10:01','OPEN'),(470,3,178,'2019-11-19 06:40:32','INPROGRESS'),(471,286,723,'2019-10-29 16:59:41','COMPLETE'),(472,49,244,'2019-10-30 16:03:54','COMPLETE'),(473,972,949,'2019-11-06 04:27:31','COMPLETE'),(474,482,559,'2019-11-05 21:13:00','CANCEL'),(475,554,185,'2019-11-14 19:49:29','INPROGRESS'),(476,926,104,'2019-10-31 10:35:28','OPEN'),(477,498,847,'2019-11-21 16:35:54','COMPLETE'),(478,106,408,'2019-11-21 02:20:13','OPEN'),(479,157,641,'2019-11-14 09:00:25','COMPLETE'),(480,488,967,'2019-11-12 13:08:28','OPEN'),(481,186,197,'2019-11-23 13:48:10','COMPLETE'),(482,91,191,'2019-11-24 04:42:29','CANCEL'),(483,867,303,'2019-11-24 05:14:58','OPEN'),(484,328,206,'2019-11-22 11:14:26','CANCEL'),(485,141,513,'2019-11-13 15:34:22','COMPLETE'),(486,77,286,'2019-11-04 19:15:36','CANCEL'),(487,334,980,'2019-11-17 00:41:58','OPEN'),(488,988,410,'2019-11-14 16:50:06','OPEN'),(489,464,402,'2019-10-27 09:11:40','CANCEL'),(490,590,420,'2019-11-01 18:35:03','OPEN'),(491,396,467,'2019-11-23 16:27:15','OPEN'),(492,747,914,'2019-10-28 01:38:08','CANCEL'),(493,565,340,'2019-11-08 05:55:59','COMPLETE'),(494,696,204,'2019-11-23 23:52:35','CANCEL'),(495,28,84,'2019-11-09 04:42:00','INPROGRESS'),(496,477,363,'2019-11-07 22:59:18','CANCEL'),(497,609,14,'2019-11-16 03:57:31','CANCEL'),(498,32,140,'2019-10-31 21:56:43','COMPLETE'),(499,651,780,'2019-11-20 00:58:04','CANCEL'),(500,39,745,'2019-11-11 10:07:14','COMPLETE'),(501,736,524,'2019-10-31 22:49:00','INPROGRESS'),(502,301,225,'2019-11-04 10:50:22','CANCEL');
/*!40000 ALTER TABLE `sales_order` ENABLE KEYS */;
UNLOCK TABLES;

--
-- Table structure for table `sales_order_line`
--

DROP TABLE IF EXISTS `sales_order_line`;
/*!40101 SET @saved_cs_client     = @@character_set_client */;
/*!40101 SET character_set_client = utf8 */;
CREATE TABLE `sales_order_line` (
  `sales_order_line_id` bigint(20) NOT NULL AUTO_INCREMENT,
  `sales_order_id` bigint(20) NOT NULL,
  `line_number` int(11) NOT NULL DEFAULT 1,
  `product_id` bigint(20) NOT NULL,
  `order_quantity` int(11) NOT NULL,
  `unit_price` decimal(13,2) NOT NULL,
  `special_instructions` varchar(255) DEFAULT NULL,
  PRIMARY KEY (`sales_order_line_id`),
  KEY `sales_order_line_FK` (`product_id`),
  KEY `sales_order_line_FK_1` (`sales_order_id`),
  CONSTRAINT `sales_order_line_FK` FOREIGN KEY (`product_id`) REFERENCES `product` (`product_id`),
  CONSTRAINT `sales_order_line_FK_1` FOREIGN KEY (`sales_order_id`) REFERENCES `sales_order` (`sales_order_id`)
) ENGINE=InnoDB AUTO_INCREMENT=830 DEFAULT CHARSET=utf8;
/*!40101 SET character_set_client = @saved_cs_client */;

--
-- Dumping data for table `sales_order_line`
--

LOCK TABLES `sales_order_line` WRITE;
/*!40000 ALTER TABLE `sales_order_line` DISABLE KEYS */;
INSERT INTO `sales_order_line` VALUES (1,127,1,14,4,7.74,NULL),(2,129,1,78,76,6.04,NULL),(3,425,1,44,94,7.70,NULL),(4,337,1,37,3,7.50,NULL),(5,103,1,4,8,2.70,NULL),(6,177,1,28,18,5.64,NULL),(7,42,1,3,60,9.20,NULL),(8,213,1,91,76,0.55,NULL),(9,324,1,7,6,6.85,NULL),(10,480,1,10,29,8.17,NULL),(11,428,1,15,86,6.19,NULL),(12,254,1,84,64,8.07,NULL),(13,327,1,68,45,4.53,NULL),(14,13,1,23,77,0.69,'sold out four loko ad narwhal'),(15,94,1,15,46,6.19,NULL),(16,486,1,84,83,8.07,NULL),(17,89,1,63,62,0.43,NULL),(18,240,1,23,27,0.69,NULL),(19,128,1,68,55,4.53,NULL),(20,15,1,74,2,9.52,NULL),(21,435,1,89,36,3.74,NULL),(22,25,1,16,70,4.13,'Try-hard biodiesel hella cronut'),(23,244,1,100,90,4.35,NULL),(24,269,1,49,74,5.26,NULL),(25,262,1,25,100,5.20,NULL),(26,300,1,26,30,4.06,NULL),(27,133,1,69,56,0.68,NULL),(28,189,1,72,90,7.40,NULL),(29,429,1,33,97,4.11,NULL),(30,169,1,85,34,9.46,NULL),(31,28,1,14,67,7.74,NULL),(32,130,1,92,58,9.22,NULL),(33,114,1,14,94,7.74,NULL),(34,360,1,28,58,5.64,NULL),(35,43,1,7,60,6.85,NULL),(36,67,1,78,12,6.04,NULL),(37,465,1,22,75,6.39,NULL),(38,158,1,9,19,2.47,NULL),(39,41,1,68,82,4.53,'stumptown four dollar toast gastropub'),(40,222,1,7,88,6.85,NULL),(41,305,1,17,21,9.51,NULL),(42,196,1,53,3,7.10,NULL),(43,357,1,56,70,1.75,NULL),(44,191,1,82,1,8.43,NULL),(45,275,1,56,78,1.75,NULL),(46,361,1,22,77,7.99,NULL),(47,348,1,16,49,3.72,NULL),(48,5,1,98,41,8.20,NULL),(49,333,1,9,22,2.47,NULL),(50,356,1,85,58,9.46,NULL),(51,473,1,33,93,4.11,NULL),(52,178,1,65,45,3.38,NULL),(53,108,1,29,11,3.41,NULL),(54,190,1,69,9,0.68,NULL),(55,401,1,37,60,7.50,NULL),(56,494,1,88,59,7.85,NULL),(57,90,1,31,78,2.74,NULL),(58,471,1,94,39,9.76,NULL),(59,239,1,11,36,0.68,NULL),(60,376,1,47,25,3.34,NULL),(61,22,1,85,48,9.46,NULL),(62,238,1,84,77,8.07,NULL),(63,263,1,32,31,2.61,NULL),(64,405,1,56,86,1.75,NULL),(65,159,1,63,56,0.43,NULL),(66,437,1,91,87,0.55,NULL),(67,447,1,62,46,5.85,NULL),(68,331,1,43,79,7.07,NULL),(69,24,1,64,85,8.99,NULL),(70,456,1,30,95,7.40,NULL),(71,233,1,87,47,7.44,NULL),(72,418,1,72,20,7.40,NULL),(73,199,1,85,62,9.46,'mauris condimentum volutpat'),(74,98,1,57,96,6.76,NULL),(75,389,1,9,56,2.47,NULL),(76,167,1,51,89,9.74,NULL),(77,315,1,90,82,2.07,NULL),(78,491,1,38,47,9.85,NULL),(79,400,1,19,53,7.35,NULL),(80,131,1,10,88,8.17,NULL),(81,297,1,11,90,0.54,NULL),(82,207,1,17,13,9.51,NULL),(83,247,1,13,28,6.86,NULL),(84,12,1,1,20,8.33,NULL),(85,36,1,98,27,9.11,NULL),(86,11,1,43,32,7.07,NULL),(87,261,1,31,60,2.74,NULL),(88,162,1,5,45,9.48,NULL),(89,414,1,10,12,8.17,NULL),(90,411,1,32,24,2.09,'congue vehicula sodales eleifend leo'),(91,280,1,24,45,1.31,NULL),(92,252,1,54,36,4.21,NULL),(93,282,1,17,74,9.51,NULL),(94,352,1,21,82,2.76,NULL),(95,91,1,45,81,4.15,NULL),(96,488,1,70,7,1.80,NULL),(97,49,1,25,3,5.20,NULL),(98,461,1,39,85,5.56,NULL),(99,81,1,8,84,8.67,NULL),(100,268,1,97,30,2.54,NULL),(101,29,1,61,12,6.83,NULL),(102,251,1,78,52,6.04,NULL),(103,469,1,28,81,4.51,NULL),(104,68,1,20,57,5.53,NULL),(105,260,1,23,47,0.62,NULL),(106,388,1,63,76,0.43,NULL),(107,160,1,89,19,3.74,NULL),(108,7,1,25,66,5.20,NULL),(109,355,1,57,88,6.76,NULL),(110,403,1,66,67,6.01,NULL),(111,485,1,36,77,3.96,NULL),(112,156,1,79,65,3.07,NULL),(113,397,1,84,25,8.07,NULL),(114,453,1,74,95,9.52,NULL),(115,92,1,51,70,9.74,NULL),(116,217,1,97,73,2.54,NULL),(117,63,1,75,53,7.78,'Art party hella unicorn'),(118,175,1,41,46,7.78,NULL),(119,299,1,5,87,9.48,NULL),(120,444,1,18,30,4.16,NULL),(121,501,1,95,85,7.51,NULL),(122,374,1,39,40,5.56,'shaman tofu yr meh'),(123,10,1,83,96,2.14,NULL),(124,122,1,27,49,7.31,NULL),(125,375,1,61,60,7.59,NULL),(126,450,1,15,96,6.19,NULL),(127,489,1,32,74,2.61,NULL),(128,228,1,74,45,9.52,NULL),(129,112,1,3,81,9.20,'est voluptate succulents kale chips'),(130,225,1,94,27,9.76,NULL),(131,347,1,52,79,9.26,NULL),(132,322,1,39,57,5.56,NULL),(133,296,1,66,59,5.41,NULL),(134,57,1,96,1,2.29,NULL),(135,123,1,18,87,4.16,NULL),(136,308,1,81,44,6.07,NULL),(137,452,1,77,52,2.39,NULL),(138,135,1,29,90,4.26,NULL),(139,125,1,59,26,7.39,NULL),(140,279,1,51,79,9.74,NULL),(141,476,1,41,68,7.78,NULL),(142,148,1,18,84,4.16,NULL),(143,96,1,66,78,6.01,'organic sint pop-up exercitation'),(144,215,1,92,24,9.22,NULL),(145,330,1,45,53,4.15,NULL),(146,316,1,30,88,7.40,NULL),(147,320,1,50,87,6.54,NULL),(148,438,1,82,49,8.43,'vulputate est nulla, eu quisque accumsan'),(149,492,1,97,38,2.54,NULL),(150,35,1,1,88,8.33,NULL),(151,226,1,36,18,3.96,NULL),(152,310,1,79,39,3.07,NULL),(153,136,1,61,87,7.59,NULL),(154,185,1,50,87,6.54,NULL),(155,176,1,87,72,7.44,NULL),(156,146,1,100,84,4.35,NULL),(157,446,1,18,40,4.16,NULL),(158,454,1,44,98,7.70,NULL),(159,466,1,59,98,7.39,NULL),(160,236,1,15,79,6.19,NULL),(161,431,1,49,8,5.26,NULL),(162,290,1,91,32,0.55,'edison bulb vegan pinterest'),(163,287,1,88,42,7.07,NULL),(164,312,1,46,4,7.23,NULL),(165,478,1,81,94,6.07,NULL),(166,342,1,27,52,7.31,NULL),(167,391,1,80,41,3.08,NULL),(168,445,1,67,9,8.69,NULL),(169,19,1,46,100,7.23,NULL),(170,227,1,64,19,8.09,NULL),(171,319,1,3,57,9.20,NULL),(172,392,1,73,97,8.19,NULL),(173,56,1,63,25,0.43,NULL),(174,359,1,34,97,8.21,NULL),(175,155,1,81,14,6.07,NULL),(176,272,1,27,92,7.31,NULL),(177,285,1,77,8,2.39,NULL),(178,78,1,10,26,8.17,NULL),(179,278,1,100,22,4.35,'blue bottle quinoa.'),(180,439,1,7,71,6.85,NULL),(181,83,1,32,48,2.61,NULL),(182,323,1,42,64,7.84,NULL),(183,457,1,95,81,8.34,NULL),(184,62,1,22,65,7.99,NULL),(185,85,1,59,98,7.39,NULL),(186,93,1,15,81,6.19,NULL),(187,104,1,56,40,1.75,NULL),(188,100,1,30,29,5.92,NULL),(189,284,1,56,90,1.75,NULL),(190,422,1,82,39,8.43,NULL),(191,321,1,48,22,4.92,NULL),(192,218,1,67,67,8.69,NULL),(193,273,1,33,63,4.11,NULL),(194,163,1,16,89,4.13,NULL),(195,328,1,97,18,2.54,NULL),(196,499,1,100,44,4.35,NULL),(197,482,1,20,66,5.53,NULL),(198,203,1,69,49,0.68,NULL),(199,490,1,36,31,3.96,NULL),(200,325,1,49,52,5.26,NULL),(201,381,1,13,6,7.62,NULL),(202,451,1,93,46,0.15,NULL),(203,498,1,48,5,4.92,NULL),(204,84,1,77,73,2.39,NULL),(205,364,1,32,43,2.61,NULL),(206,138,1,15,49,6.19,NULL),(207,77,1,97,38,2.54,NULL),(208,201,1,100,83,4.35,NULL),(209,354,1,16,30,4.13,NULL),(210,192,1,1,15,7.50,NULL),(211,237,1,73,17,8.19,NULL),(212,458,1,68,88,4.53,NULL),(213,174,1,33,3,4.11,NULL),(214,66,1,16,71,4.13,NULL),(215,164,1,6,15,3.52,'outine keytar non, cupidatat'),(216,3,1,59,49,7.39,'aenean egestas commodo duis'),(217,442,1,67,89,8.69,NULL),(218,60,1,43,47,7.07,NULL),(219,88,1,6,87,3.52,NULL),(220,220,1,19,34,7.35,NULL),(221,70,1,13,62,7.62,NULL),(222,267,1,71,67,4.10,NULL),(223,307,1,24,17,1.31,NULL),(224,484,1,14,17,6.97,NULL),(225,153,1,42,60,7.84,NULL),(226,183,1,71,77,4.10,'curabitur luctus dui orci quis'),(227,313,1,70,20,1.80,NULL),(228,344,1,90,90,2.07,NULL),(229,1,1,78,19,6.04,NULL),(230,20,1,60,42,7.67,NULL),(231,417,1,29,21,3.83,NULL),(232,266,1,18,27,4.16,'PBR&B before they sold out'),(233,69,1,78,11,6.04,NULL),(234,38,1,21,72,2.76,NULL),(235,294,1,95,60,8.34,NULL),(236,367,1,13,85,7.62,NULL),(237,362,1,85,69,9.46,NULL),(238,298,1,89,38,3.37,NULL),(239,502,1,23,1,0.69,NULL),(240,53,1,33,64,4.11,NULL),(241,168,1,18,99,4.16,NULL),(242,187,1,41,7,7.78,NULL),(243,475,1,13,43,7.62,NULL),(244,317,1,77,54,2.39,NULL),(245,468,1,41,39,7.78,NULL),(246,64,1,72,44,7.40,NULL),(247,281,1,3,84,9.20,NULL),(248,105,1,8,90,8.67,NULL),(249,243,1,22,43,7.99,NULL),(250,474,1,47,7,3.01,NULL),(251,235,1,93,43,0.15,NULL),(252,250,1,35,45,5.57,NULL),(253,14,1,22,72,7.99,NULL),(254,134,1,92,46,9.22,NULL),(255,249,1,54,31,4.21,NULL),(256,384,1,93,72,0.15,NULL),(257,26,1,81,88,6.07,NULL),(258,101,1,96,14,2.29,NULL),(259,415,1,84,76,8.07,NULL),(260,143,1,29,15,4.26,NULL),(261,200,1,89,1,3.74,NULL),(262,242,1,35,73,5.57,NULL),(263,377,1,60,78,7.67,NULL),(264,87,1,12,26,5.97,NULL),(265,206,1,94,89,9.76,NULL),(266,32,1,62,42,5.85,NULL),(267,52,1,24,95,1.31,NULL),(268,6,1,4,32,2.70,NULL),(269,202,1,49,48,5.26,NULL),(270,459,1,93,21,0.15,NULL),(271,55,1,23,54,0.69,NULL),(272,259,1,98,28,9.11,NULL),(273,23,1,45,42,4.15,NULL),(274,229,1,75,49,7.78,NULL),(275,288,1,18,44,4.16,NULL),(276,140,1,63,82,0.43,NULL),(277,464,1,23,68,0.69,NULL),(278,404,1,69,43,0.61,NULL),(279,409,1,5,98,9.48,NULL),(280,2,1,72,67,7.40,'Neutra kogi minim fanny pack'),(281,4,1,20,98,5.53,NULL),(282,309,1,31,58,2.74,NULL),(283,345,1,97,11,2.54,NULL),(284,500,1,64,86,8.99,NULL),(285,188,1,39,37,5.56,NULL),(286,410,1,68,25,4.53,NULL),(287,326,1,23,40,0.69,'mumblecore gastropub air '),(288,257,1,30,27,7.40,NULL),(289,383,1,47,55,3.34,NULL),(290,33,1,31,89,2.74,NULL),(291,398,1,54,3,4.21,NULL),(292,106,1,50,41,6.54,NULL),(293,433,1,56,55,1.75,NULL),(294,340,1,7,72,6.85,NULL),(295,407,1,35,60,5.57,'Woke paleo schlitz'),(296,197,1,94,89,9.76,NULL),(297,99,1,65,55,3.76,NULL),(298,221,1,78,27,6.04,NULL),(299,293,1,98,10,8.20,NULL),(300,184,1,57,53,6.76,NULL),(301,75,1,92,3,9.22,NULL),(302,150,1,36,71,3.96,'Vexillologist forage sed eiusmod hexagon'),(303,73,1,46,17,7.23,NULL),(304,231,1,47,81,3.34,NULL),(305,71,1,66,84,6.01,NULL),(306,378,1,22,60,7.99,NULL),(307,86,1,32,79,2.61,NULL),(308,463,1,1,65,8.33,NULL),(309,166,1,23,20,0.62,NULL),(310,370,1,29,85,4.26,NULL),(311,223,1,37,29,6.75,NULL),(312,395,1,34,83,6.57,NULL),(313,424,1,11,5,0.68,NULL),(314,241,1,91,43,0.55,NULL),(315,336,1,38,61,9.85,NULL),(316,47,1,89,63,3.74,NULL),(317,432,1,46,43,7.23,NULL),(318,372,1,76,51,3.14,NULL),(319,110,1,25,74,5.20,NULL),(320,116,1,92,36,9.22,NULL),(321,205,1,6,22,3.52,NULL),(322,204,1,91,86,0.55,NULL),(323,430,1,60,38,7.67,NULL),(324,50,1,13,48,6.86,'poke sed occaecat photo booth humblebrag'),(325,477,1,100,58,4.35,NULL),(326,61,1,89,72,3.74,NULL),(327,172,1,89,32,3.74,NULL),(328,208,1,90,56,2.07,NULL),(329,358,1,10,80,8.17,NULL),(330,462,1,68,1,4.53,NULL),(331,385,1,1,1,6.66,NULL),(332,408,1,3,10,9.20,NULL),(333,479,1,41,74,7.78,NULL),(334,368,1,45,6,4.15,NULL),(335,113,1,91,37,0.55,NULL),(336,141,1,14,56,7.74,NULL),(337,179,1,39,25,5.56,NULL),(338,351,1,8,63,8.67,NULL),(339,142,1,91,67,0.55,NULL),(340,329,1,63,11,0.43,NULL),(341,224,1,67,100,8.69,NULL),(342,139,1,98,91,9.11,NULL),(343,232,1,60,25,7.67,NULL),(344,426,1,44,48,7.70,NULL),(345,253,1,4,78,2.70,NULL),(346,304,1,78,55,5.44,NULL),(347,366,1,39,30,5.56,NULL),(348,9,1,31,68,2.74,NULL),(349,470,1,43,14,7.07,NULL),(350,157,1,38,46,9.85,NULL),(351,353,1,18,50,4.16,NULL),(352,393,1,96,30,2.29,NULL),(353,306,1,62,17,5.85,NULL),(354,115,1,99,45,6.96,NULL),(355,149,1,26,93,4.06,NULL),(356,109,1,89,63,2.99,NULL),(357,373,1,47,48,3.34,NULL),(358,230,1,98,45,9.11,NULL),(359,271,1,30,16,7.40,NULL),(360,295,1,90,2,2.07,NULL),(361,289,1,40,93,4.40,NULL),(362,318,1,46,50,7.23,NULL),(363,382,1,12,10,5.97,NULL),(364,72,1,12,29,5.97,NULL),(365,334,1,8,55,8.67,NULL),(366,291,1,49,79,5.26,NULL),(367,283,1,50,10,6.54,NULL),(368,380,1,99,65,5.57,NULL),(369,216,1,26,34,4.06,NULL),(370,46,1,94,66,9.76,NULL),(371,117,1,46,33,7.23,NULL),(372,386,1,27,35,7.31,NULL),(373,286,1,93,59,0.15,NULL),(374,246,1,18,11,4.16,NULL),(375,406,1,100,68,4.35,NULL),(376,493,1,37,81,7.50,NULL),(377,338,1,96,35,2.29,NULL),(378,194,1,87,27,7.44,NULL),(379,472,1,75,95,7.78,NULL),(380,420,1,50,62,6.54,NULL),(381,30,1,62,23,5.85,NULL),(382,277,1,27,68,7.31,NULL),(383,209,1,58,87,2.89,NULL),(384,210,1,57,25,6.76,NULL),(385,39,1,54,92,4.21,'Knausgaard 3 wolf moon squid'),(386,95,1,100,24,4.35,NULL),(387,193,1,19,22,7.35,NULL),(388,402,1,51,88,9.74,NULL),(389,21,1,87,72,7.44,NULL),(390,31,1,98,75,9.11,NULL),(391,40,1,78,64,6.04,NULL),(392,48,1,85,32,9.46,NULL),(393,118,1,5,29,9.48,NULL),(394,423,1,28,52,5.64,NULL),(395,448,1,78,34,4.83,NULL),(396,379,1,35,70,5.57,NULL),(397,301,1,48,27,4.92,NULL),(398,198,1,92,78,9.22,NULL),(399,137,1,13,33,7.62,NULL),(400,350,1,24,20,1.18,NULL),(401,59,1,26,72,4.06,NULL),(402,412,1,80,85,3.08,NULL),(403,154,1,82,55,8.43,NULL),(404,394,1,30,83,7.40,NULL),(405,181,1,25,75,5.20,NULL),(406,37,1,1,80,7.50,NULL),(407,365,1,96,38,2.29,NULL),(408,44,1,4,3,2.70,NULL),(409,434,1,2,100,3.92,NULL),(410,214,1,95,75,8.34,NULL),(411,419,1,90,24,2.07,NULL),(412,152,1,48,69,4.92,NULL),(413,274,1,100,92,3.92,NULL),(414,440,1,59,20,7.39,' reprehenderit distillery mumblecore polaroid'),(415,27,1,20,40,5.53,NULL),(416,124,1,42,86,7.84,NULL),(417,496,1,6,73,3.52,'raw denim gluten-free kitsch blog'),(418,245,1,43,97,7.07,NULL),(419,302,1,56,87,1.75,NULL),(420,144,1,68,78,4.53,NULL),(421,332,1,87,98,7.44,NULL),(422,455,1,29,52,4.26,NULL),(423,18,1,70,97,1.62,NULL),(424,171,1,72,68,7.40,NULL),(425,343,1,26,23,4.06,NULL),(426,76,1,39,24,5.56,'Small batch laboris cupidatat'),(427,186,1,2,40,3.92,NULL),(428,495,1,92,40,9.22,NULL),(429,248,1,25,1,4.68,NULL),(430,219,1,32,54,2.61,NULL),(431,120,1,75,13,7.78,NULL),(432,314,1,37,48,7.50,NULL),(433,102,1,27,90,7.31,'sustainable sartorial four loko vaporware'),(434,335,1,69,75,0.68,NULL),(435,346,1,66,4,5.41,NULL),(436,497,1,21,92,2.76,NULL),(437,211,1,98,11,9.11,NULL),(438,132,1,63,80,0.43,NULL),(439,54,1,12,18,5.97,NULL),(440,58,1,53,12,8.87,NULL),(441,483,1,98,57,9.11,NULL),(442,443,1,87,65,7.44,NULL),(443,17,1,65,27,3.76,NULL),(444,264,1,42,28,7.06,NULL),(445,45,1,14,84,6.97,NULL),(446,303,1,76,30,3.14,NULL),(447,416,1,19,5,7.35,NULL),(448,51,1,68,26,4.53,NULL),(449,258,1,25,46,5.20,NULL),(450,413,1,54,32,4.21,'Synth ramps tempor'),(451,121,1,98,94,9.11,NULL),(452,147,1,75,91,7.78,NULL),(453,212,1,32,87,2.61,NULL),(454,8,1,39,31,5.56,NULL),(455,276,1,39,2,5.56,NULL),(456,396,1,93,56,0.15,NULL),(457,182,1,3,46,9.20,NULL),(458,449,1,22,71,7.99,NULL),(459,481,1,89,30,3.74,NULL),(460,111,1,82,21,8.43,NULL),(461,270,1,60,35,7.67,NULL),(462,390,1,94,64,9.76,NULL),(463,107,1,37,94,7.50,NULL),(464,165,1,57,2,6.76,NULL),(465,421,1,38,86,9.85,NULL),(466,234,1,15,17,6.19,NULL),(467,255,1,40,48,4.40,NULL),(468,399,1,20,57,5.53,NULL),(469,82,1,23,42,0.69,NULL),(470,161,1,42,84,7.84,NULL),(471,292,1,95,20,8.34,NULL),(472,145,1,15,14,6.19,NULL),(473,339,1,26,85,4.06,NULL),(474,341,1,50,92,6.54,NULL),(475,16,1,12,81,5.97,NULL),(476,151,1,71,9,3.28,NULL),(477,65,1,31,30,2.74,NULL),(478,180,1,54,80,4.21,NULL),(479,173,1,36,43,3.96,NULL),(480,467,1,4,89,2.70,NULL),(481,170,1,35,9,5.57,NULL),(482,371,1,37,58,7.50,NULL),(483,387,1,80,25,3.08,NULL),(484,80,1,85,50,9.46,NULL),(485,79,1,94,19,9.76,NULL),(486,256,1,13,8,7.62,NULL),(487,436,1,98,67,9.11,NULL),(488,34,1,40,98,4.40,NULL),(489,126,1,72,63,7.40,NULL),(490,265,1,1,13,8.33,NULL),(491,349,1,61,65,7.59,NULL),(492,487,1,40,8,4.40,NULL),(493,363,1,18,66,4.16,NULL),(494,441,1,76,82,3.14,NULL),(495,427,1,82,61,8.43,NULL),(496,195,1,59,12,7.39,NULL),(497,311,1,83,77,2.14,NULL),(498,97,1,38,57,9.85,NULL),(499,369,1,69,74,0.68,NULL),(500,74,1,61,85,7.59,NULL),(501,119,1,41,49,7.78,NULL),(502,460,1,24,69,1.31,NULL),(512,253,2,91,36,0.55,NULL),(513,175,2,47,25,3.34,NULL),(514,137,2,50,48,6.54,NULL),(515,376,2,14,46,7.74,NULL),(516,1,2,58,41,3.21,NULL),(517,374,2,29,69,4.26,NULL),(518,126,2,44,76,7.70,NULL),(519,159,2,93,19,0.14,NULL),(520,359,2,48,83,4.92,NULL),(521,173,2,37,2,7.50,NULL),(522,483,2,80,0,3.08,NULL),(523,248,2,58,24,2.89,NULL),(524,154,2,97,48,2.29,NULL),(525,446,2,31,66,2.74,NULL),(526,406,2,32,90,2.35,NULL),(527,100,2,42,18,7.84,NULL),(528,414,2,88,43,7.85,NULL),(529,201,2,7,38,6.85,NULL),(530,290,2,46,25,7.23,NULL),(531,147,2,98,36,9.11,NULL),(532,440,2,95,7,8.34,NULL),(533,107,2,75,36,6.22,NULL),(534,246,2,61,28,7.59,'auctor cras ante himenaeos lectus'),(535,211,2,4,24,2.70,NULL),(536,210,2,58,73,3.21,NULL),(537,77,2,95,41,8.34,'Chicharrones palo santo blue bottle'),(538,458,2,52,72,9.26,NULL),(539,51,2,53,1,8.87,'four dollar toast bushwick ut air'),(540,254,2,78,67,6.04,NULL),(541,149,2,100,76,4.35,NULL),(542,94,2,59,35,7.39,NULL),(543,197,2,31,49,2.74,NULL),(544,151,2,29,49,4.26,NULL),(545,480,2,37,58,7.50,NULL),(546,199,2,58,26,2.89,'primis iaculis, himenaeos ornare ullamcorper'),(547,383,2,77,59,2.39,NULL),(548,456,2,2,97,3.92,NULL),(549,105,2,4,35,2.70,NULL),(550,349,2,66,45,6.01,NULL),(551,19,2,41,83,7.78,NULL),(552,443,2,79,39,2.76,NULL),(553,97,2,36,7,3.96,NULL),(554,101,2,59,79,7.39,'Copper mug kickstarter do glossier'),(555,355,2,84,95,8.07,NULL),(556,221,2,3,93,9.20,NULL),(557,148,2,76,0,3.14,NULL),(558,41,2,96,67,2.29,NULL),(559,285,2,53,16,8.87,NULL),(560,27,2,52,90,9.26,NULL),(561,127,2,55,68,4.89,NULL),(562,412,2,51,26,9.74,NULL),(563,230,2,60,32,7.67,NULL),(564,363,2,48,88,4.92,NULL),(565,54,2,53,99,7.98,NULL),(566,28,2,98,87,9.11,NULL),(567,48,2,53,6,8.87,NULL),(568,433,2,37,13,7.50,NULL),(569,125,2,73,9,8.19,NULL),(570,244,2,49,39,4.73,NULL),(571,455,2,33,49,4.11,NULL),(572,14,2,32,88,2.61,NULL),(573,223,2,58,84,3.21,NULL),(574,432,2,73,97,8.19,NULL),(575,60,2,75,32,7.78,NULL),(576,297,2,72,41,7.40,NULL),(577,429,2,63,42,0.43,NULL),(578,239,2,3,60,9.20,NULL),(579,345,2,82,12,8.43,NULL),(580,421,2,50,40,6.54,NULL),(581,189,2,76,77,3.14,NULL),(582,496,2,91,82,0.55,NULL),(583,195,2,65,31,3.76,NULL),(584,167,2,39,67,5.56,NULL),(585,459,2,36,67,3.96,NULL),(586,247,2,63,18,0.43,NULL),(587,360,2,31,98,2.74,NULL),(588,418,2,14,47,7.74,NULL),(589,57,2,21,2,2.76,NULL),(590,233,2,33,38,4.11,NULL),(591,267,2,15,48,6.19,NULL),(592,344,2,96,94,2.29,NULL),(593,444,2,45,95,4.15,NULL),(594,206,2,101,54,7.50,NULL),(595,424,2,54,6,4.21,NULL),(596,12,2,100,5,4.35,NULL),(597,473,2,17,49,7.61,'fingerstache single-origin coffee trust fund'),(598,371,2,8,74,8.67,NULL),(599,402,2,2,68,3.92,NULL),(600,309,2,68,64,4.53,NULL),(601,394,2,12,63,5.97,NULL),(602,475,2,26,28,3.65,NULL),(603,399,2,79,5,3.07,NULL),(604,121,2,3,45,9.20,NULL),(605,461,2,73,51,8.19,NULL),(606,278,2,80,12,2.77,NULL),(607,257,2,1,61,8.33,NULL),(608,74,2,2,89,3.92,NULL),(609,227,2,33,94,4.11,NULL),(610,166,2,63,98,0.43,NULL),(611,300,2,18,69,4.16,NULL),(612,279,2,31,31,2.74,'whatever biodiesel ad mlkshk meh'),(613,88,2,69,26,0.68,NULL),(614,362,2,82,86,6.74,NULL),(615,270,2,96,88,2.29,NULL),(616,250,2,26,47,4.06,NULL),(617,179,2,86,11,9.10,NULL),(618,226,2,12,17,5.97,NULL),(619,490,2,67,48,8.69,NULL),(620,388,2,31,57,2.47,NULL),(621,275,2,82,43,8.43,NULL),(622,9,2,64,73,8.99,NULL),(623,181,2,59,98,7.39,'literally green juice semiotics irony'),(624,84,2,86,56,9.10,NULL),(625,377,2,52,23,9.26,NULL),(626,183,2,17,53,9.51,NULL),(627,222,2,75,89,7.78,NULL),(628,283,2,63,11,0.43,NULL),(629,135,2,34,88,8.21,NULL),(630,401,2,7,2,6.85,NULL),(631,324,2,52,99,9.26,'donec ligula vestibulum odio dictum'),(632,500,2,13,50,7.62,NULL),(633,163,2,90,67,2.07,NULL),(634,260,2,78,23,6.04,NULL),(635,442,2,82,79,7.59,NULL),(636,305,2,64,12,8.99,NULL),(637,83,2,13,69,7.62,NULL),(638,464,2,71,79,4.10,NULL),(639,32,2,58,72,3.21,NULL),(640,50,2,12,28,5.97,NULL),(641,354,2,71,52,3.69,NULL),(642,491,2,45,14,4.15,NULL),(643,488,2,60,15,7.67,NULL),(644,193,2,75,51,7.78,NULL),(645,75,2,19,46,7.35,NULL),(646,30,2,46,4,5.78,NULL),(647,20,2,59,41,7.39,NULL),(648,212,2,67,53,8.69,NULL),(649,340,2,86,25,9.10,NULL),(650,218,2,52,39,9.26,NULL),(651,369,2,41,67,7.00,NULL),(652,58,2,84,5,8.07,NULL),(653,136,2,30,27,7.40,NULL),(654,294,2,54,42,4.21,NULL),(655,169,2,84,58,8.07,NULL),(656,228,2,89,47,3.74,NULL),(657,416,2,36,74,3.96,'Subway tile ullamco pug keffiyeh freegan kinfolk'),(658,174,2,9,52,2.47,NULL),(659,272,2,23,70,0.69,NULL),(660,333,2,92,11,9.22,'Umami prism thundercats veniam'),(661,104,2,74,44,9.52,NULL),(662,264,2,75,36,7.78,NULL),(663,17,2,17,49,9.51,'thundercats chia tacos post-ironic'),(664,49,2,76,46,3.14,NULL),(665,156,2,6,48,3.52,NULL),(666,115,2,5,22,9.48,NULL),(667,188,2,51,0,9.74,NULL),(668,330,2,18,69,4.16,NULL),(669,234,2,34,32,8.21,NULL),(670,415,2,44,7,6.93,NULL),(671,219,2,55,25,4.89,NULL),(672,410,2,37,26,7.50,NULL),(673,217,2,90,88,2.07,NULL),(674,31,2,76,54,3.14,'Viral cold-pressed pitchfork nulla gochujang photo booth'),(675,29,2,27,37,7.31,'Netus blandit fringilla maecenas mollis'),(676,368,2,94,55,9.76,NULL),(677,43,2,95,2,8.34,NULL),(678,454,2,20,4,5.53,'Tacos unicorn aliquip la croix '),(679,364,2,80,36,3.08,NULL),(680,5,2,13,59,7.62,NULL),(681,449,2,51,58,9.74,NULL),(682,4,2,47,82,2.67,'park lyft irure'),(683,397,2,77,17,2.39,NULL),(684,225,2,57,43,6.76,NULL),(685,487,2,76,90,3.14,NULL),(686,485,2,60,26,7.67,NULL),(687,447,2,75,49,7.78,NULL),(688,361,2,80,10,3.08,NULL),(689,478,2,58,43,3.21,'slow-carb bespoke jianbing'),(690,409,2,55,19,4.89,NULL),(691,155,2,71,42,4.10,NULL),(692,284,2,26,41,4.06,NULL),(693,289,2,10,24,7.35,NULL),(694,481,2,72,53,6.66,NULL),(695,73,2,8,76,8.67,NULL),(696,240,2,52,21,9.26,NULL),(697,378,2,5,61,9.48,NULL),(698,213,2,97,83,2.54,NULL),(699,398,2,39,91,5.56,'proin diam, lacinia ultrices lobortis'),(700,396,2,95,2,8.34,NULL),(701,114,2,98,73,9.11,NULL),(702,3,2,15,62,4.95,NULL),(703,35,2,84,23,8.07,NULL),(704,146,2,11,83,0.68,NULL),(705,499,2,101,68,8.33,NULL),(706,190,2,24,81,1.31,NULL),(707,321,2,69,84,0.68,NULL),(708,2,2,48,65,4.92,NULL),(709,112,2,15,97,6.19,NULL),(710,395,2,77,61,2.39,NULL),(711,165,2,87,28,7.44,NULL),(767,226,3,42,39,7.84,NULL),(768,273,3,19,98,7.35,NULL),(769,160,3,30,16,7.40,NULL),(770,185,3,68,6,4.53,NULL),(771,375,3,78,30,6.04,NULL),(772,124,3,36,4,3.96,NULL),(773,326,3,11,97,0.68,NULL),(774,321,3,34,90,8.21,NULL),(775,339,3,49,75,5.26,NULL),(776,265,3,78,19,6.04,'neque vitae euismod nulla cursus'),(777,320,3,71,88,4.10,NULL),(778,235,3,8,67,8.67,'vinegar hammock master cleanse'),(779,221,3,85,12,9.46,NULL),(780,34,3,21,97,2.76,NULL),(781,82,3,6,26,2.82,NULL),(782,421,3,32,84,2.61,NULL),(783,162,3,5,84,9.48,NULL),(784,464,3,89,29,3.74,NULL),(785,114,3,14,88,7.74,NULL),(786,238,3,21,51,2.48,NULL),(787,27,3,70,50,1.80,NULL),(788,415,3,36,67,3.96,'intelligentsia poutine knausgaard'),(789,346,3,9,1,2.47,'vestibulum est aliquet dignissim'),(790,457,3,72,2,7.40,NULL),(791,266,3,90,71,2.07,NULL),(792,163,3,30,79,6.66,NULL),(793,314,3,28,59,5.64,NULL),(794,174,3,20,52,5.53,NULL),(795,100,3,22,19,7.99,NULL),(796,378,3,29,80,4.26,NULL),(797,155,3,24,90,1.31,'Lorem ipsum dolor sit amet consectetur adipiscing'),(798,210,3,6,60,3.52,NULL),(799,394,3,97,11,2.54,NULL),(800,128,3,87,56,7.44,NULL),(801,206,3,26,81,4.06,NULL),(802,488,3,54,30,4.21,NULL),(803,371,3,14,10,7.74,NULL),(804,152,3,5,55,9.48,NULL),(805,115,3,31,24,2.74,NULL),(806,451,3,68,1,4.53,NULL),(807,385,3,38,22,9.85,NULL),(808,249,3,28,11,5.64,NULL),(809,443,3,7,25,6.85,NULL),(810,43,3,55,93,4.89,NULL),(811,96,3,73,76,8.19,NULL),(812,288,3,86,5,9.10,NULL),(813,180,3,75,47,7.78,NULL),(814,246,3,33,12,4.11,NULL),(815,276,3,25,27,5.20,NULL),(816,161,3,58,24,3.21,NULL);
/*!40000 ALTER TABLE `sales_order_line` ENABLE KEYS */;
UNLOCK TABLES;

--
-- Table structure for table `warehouse`
--

DROP TABLE IF EXISTS `warehouse`;
/*!40101 SET @saved_cs_client     = @@character_set_client */;
/*!40101 SET character_set_client = utf8 */;
CREATE TABLE `warehouse` (
  `warehouse_id` bigint(20) NOT NULL AUTO_INCREMENT,
  `name` varchar(100) NOT NULL,
  `warehouse_address_id` bigint(20) NOT NULL,
  PRIMARY KEY (`warehouse_id`),
  CONSTRAINT `warehouse_FK` FOREIGN KEY (`warehouse_id`) REFERENCES `address` (`address_id`)
) ENGINE=InnoDB AUTO_INCREMENT=4 DEFAULT CHARSET=utf8;
/*!40101 SET character_set_client = @saved_cs_client */;

--
-- Dumping data for table `warehouse`
--

LOCK TABLES `warehouse` WRITE;
/*!40000 ALTER TABLE `warehouse` DISABLE KEYS */;
INSERT INTO `warehouse` VALUES (1,'Central DC',3),(2,'Western DC',6),(3,'Eastern DC',969);
/*!40000 ALTER TABLE `warehouse` ENABLE KEYS */;
UNLOCK TABLES;
/*!40103 SET TIME_ZONE=@OLD_TIME_ZONE */;

/*!40101 SET SQL_MODE=@OLD_SQL_MODE */;
/*!40014 SET FOREIGN_KEY_CHECKS=@OLD_FOREIGN_KEY_CHECKS */;
/*!40014 SET UNIQUE_CHECKS=@OLD_UNIQUE_CHECKS */;
/*!40101 SET CHARACTER_SET_CLIENT=@OLD_CHARACTER_SET_CLIENT */;
/*!40101 SET CHARACTER_SET_RESULTS=@OLD_CHARACTER_SET_RESULTS */;
/*!40101 SET COLLATION_CONNECTION=@OLD_COLLATION_CONNECTION */;
/*!40111 SET SQL_NOTES=@OLD_SQL_NOTES */;

-- Dump completed on 2019-10-31  2:52:47
